16:22:37.689 [http-nio-8080-exec-3] ERROR o.a.c.c.C.[.[.[.[dispatcherServlet] - [log,170] - Servlet.service() for servlet [dispatcherServlet] in context with path [] threw exception [Request processing failed: org.mybatis.spring.MyBatisSystemException: 
### Error updating database.  Cause: org.apache.ibatis.reflection.ReflectionException: There is no getter for property named 'role' in 'class com.fast.system.domain.User'
### The error may exist in file [C:\Users\89328\Desktop\fast\springboot\target\classes\mapper\system\UserMapper.xml]
### The error may involve com.fast.system.mapper.UserMapper.updateUser
### The error occurred while executing an update
### Cause: org.apache.ibatis.reflection.ReflectionException: There is no getter for property named 'role' in 'class com.fast.system.domain.User'] with root cause
org.apache.ibatis.reflection.ReflectionException: There is no getter for property named 'role' in 'class com.fast.system.domain.User'
	at org.apache.ibatis.reflection.Reflector.getGetInvoker(Reflector.java:385)
	at org.apache.ibatis.reflection.MetaClass.getGetInvoker(MetaClass.java:160)
	at org.apache.ibatis.reflection.wrapper.BeanWrapper.getBeanProperty(BeanWrapper.java:156)
	at org.apache.ibatis.reflection.wrapper.BeanWrapper.get(BeanWrapper.java:50)
	at org.apache.ibatis.reflection.MetaObject.getValue(MetaObject.java:115)
	at org.apache.ibatis.scripting.xmltags.DynamicContext$ContextMap.get(DynamicContext.java:102)
	at org.apache.ibatis.scripting.xmltags.DynamicContext$ContextAccessor.getProperty(DynamicContext.java:112)
	at org.apache.ibatis.ognl.OgnlRuntime.getProperty(OgnlRuntime.java:2352)
	at org.apache.ibatis.ognl.ASTProperty.getValueBody(ASTProperty.java:95)
	at org.apache.ibatis.ognl.SimpleNode.evaluateGetValueBody(SimpleNode.java:171)
	at org.apache.ibatis.ognl.SimpleNode.getValue(SimpleNode.java:206)
	at org.apache.ibatis.ognl.ASTNotEq.getValueBody(ASTNotEq.java:34)
	at org.apache.ibatis.ognl.SimpleNode.evaluateGetValueBody(SimpleNode.java:171)
	at org.apache.ibatis.ognl.SimpleNode.getValue(SimpleNode.java:206)
	at org.apache.ibatis.ognl.ASTAnd.getValueBody(ASTAnd.java:45)
	at org.apache.ibatis.ognl.SimpleNode.evaluateGetValueBody(SimpleNode.java:171)
	at org.apache.ibatis.ognl.SimpleNode.getValue(SimpleNode.java:206)
	at org.apache.ibatis.ognl.Ognl.getValue(Ognl.java:408)
	at org.apache.ibatis.ognl.Ognl.getValue(Ognl.java:383)
	at org.apache.ibatis.scripting.xmltags.OgnlCache.getValue(OgnlCache.java:47)
	at org.apache.ibatis.scripting.xmltags.ExpressionEvaluator.evaluateBoolean(ExpressionEvaluator.java:34)
	at org.apache.ibatis.scripting.xmltags.IfSqlNode.apply(IfSqlNode.java:33)
	at org.apache.ibatis.scripting.xmltags.MixedSqlNode.lambda$apply$0(MixedSqlNode.java:32)
	at java.base/java.util.ArrayList.forEach(ArrayList.java:1511)
	at org.apache.ibatis.scripting.xmltags.MixedSqlNode.apply(MixedSqlNode.java:32)
	at org.apache.ibatis.scripting.xmltags.TrimSqlNode.apply(TrimSqlNode.java:58)
	at org.apache.ibatis.scripting.xmltags.MixedSqlNode.lambda$apply$0(MixedSqlNode.java:32)
	at java.base/java.util.ArrayList.forEach(ArrayList.java:1511)
	at org.apache.ibatis.scripting.xmltags.MixedSqlNode.apply(MixedSqlNode.java:32)
	at org.apache.ibatis.scripting.xmltags.DynamicSqlSource.getBoundSql(DynamicSqlSource.java:39)
	at org.apache.ibatis.mapping.MappedStatement.getBoundSql(MappedStatement.java:320)
	at org.apache.ibatis.executor.statement.BaseStatementHandler.<init>(BaseStatementHandler.java:65)
	at org.apache.ibatis.executor.statement.PreparedStatementHandler.<init>(PreparedStatementHandler.java:42)
	at org.apache.ibatis.executor.statement.RoutingStatementHandler.<init>(RoutingStatementHandler.java:47)
	at org.apache.ibatis.session.Configuration.newStatementHandler(Configuration.java:726)
	at org.apache.ibatis.executor.SimpleExecutor.doUpdate(SimpleExecutor.java:48)
	at org.apache.ibatis.executor.BaseExecutor.update(BaseExecutor.java:117)
	at org.apache.ibatis.executor.CachingExecutor.update(CachingExecutor.java:76)
	at java.base/jdk.internal.reflect.NativeMethodAccessorImpl.invoke0(Native Method)
	at java.base/jdk.internal.reflect.NativeMethodAccessorImpl.invoke(NativeMethodAccessorImpl.java:77)
	at java.base/jdk.internal.reflect.DelegatingMethodAccessorImpl.invoke(DelegatingMethodAccessorImpl.java:43)
	at java.base/java.lang.reflect.Method.invoke(Method.java:568)
	at org.apache.ibatis.plugin.Plugin.invoke(Plugin.java:61)
	at jdk.proxy2/jdk.proxy2.$Proxy81.update(Unknown Source)
	at org.apache.ibatis.session.defaults.DefaultSqlSession.update(DefaultSqlSession.java:197)
	at java.base/jdk.internal.reflect.NativeMethodAccessorImpl.invoke0(Native Method)
	at java.base/jdk.internal.reflect.NativeMethodAccessorImpl.invoke(NativeMethodAccessorImpl.java:77)
	at java.base/jdk.internal.reflect.DelegatingMethodAccessorImpl.invoke(DelegatingMethodAccessorImpl.java:43)
	at java.base/java.lang.reflect.Method.invoke(Method.java:568)
	at org.mybatis.spring.SqlSessionTemplate$SqlSessionInterceptor.invoke(SqlSessionTemplate.java:333)
	at jdk.proxy2/jdk.proxy2.$Proxy69.update(Unknown Source)
	at org.mybatis.spring.SqlSessionTemplate.update(SqlSessionTemplate.java:234)
	at org.apache.ibatis.binding.MapperMethod.execute(MapperMethod.java:67)
	at org.apache.ibatis.binding.MapperProxy$PlainMethodInvoker.invoke(MapperProxy.java:141)
	at org.apache.ibatis.binding.MapperProxy.invoke(MapperProxy.java:86)
	at jdk.proxy2/jdk.proxy2.$Proxy72.updateUser(Unknown Source)
	at com.fast.system.service.impl.UserServiceImpl.updateUser(UserServiceImpl.java:36)
	at com.fast.system.controller.UserController.edit(UserController.java:46)
	at java.base/jdk.internal.reflect.NativeMethodAccessorImpl.invoke0(Native Method)
	at java.base/jdk.internal.reflect.NativeMethodAccessorImpl.invoke(NativeMethodAccessorImpl.java:77)
	at java.base/jdk.internal.reflect.DelegatingMethodAccessorImpl.invoke(DelegatingMethodAccessorImpl.java:43)
	at java.base/java.lang.reflect.Method.invoke(Method.java:568)
	at org.springframework.web.method.support.InvocableHandlerMethod.doInvoke(InvocableHandlerMethod.java:258)
	at org.springframework.web.method.support.InvocableHandlerMethod.invokeForRequest(InvocableHandlerMethod.java:191)
	at org.springframework.web.servlet.mvc.method.annotation.ServletInvocableHandlerMethod.invokeAndHandle(ServletInvocableHandlerMethod.java:118)
	at org.springframework.web.servlet.mvc.method.annotation.RequestMappingHandlerAdapter.invokeHandlerMethod(RequestMappingHandlerAdapter.java:991)
	at org.springframework.web.servlet.mvc.method.annotation.RequestMappingHandlerAdapter.handleInternal(RequestMappingHandlerAdapter.java:896)
	at org.springframework.web.servlet.mvc.method.AbstractHandlerMethodAdapter.handle(AbstractHandlerMethodAdapter.java:87)
	at org.springframework.web.servlet.DispatcherServlet.doDispatch(DispatcherServlet.java:1089)
	at org.springframework.web.servlet.DispatcherServlet.doService(DispatcherServlet.java:979)
	at org.springframework.web.servlet.FrameworkServlet.processRequest(FrameworkServlet.java:1014)
	at org.springframework.web.servlet.FrameworkServlet.doPut(FrameworkServlet.java:925)
	at jakarta.servlet.http.HttpServlet.service(HttpServlet.java:593)
	at org.springframework.web.servlet.FrameworkServlet.service(FrameworkServlet.java:885)
	at jakarta.servlet.http.HttpServlet.service(HttpServlet.java:658)
	at org.apache.catalina.core.ApplicationFilterChain.internalDoFilter(ApplicationFilterChain.java:193)
	at org.apache.catalina.core.ApplicationFilterChain.doFilter(ApplicationFilterChain.java:138)
	at org.apache.tomcat.websocket.server.WsFilter.doFilter(WsFilter.java:51)
	at org.apache.catalina.core.ApplicationFilterChain.internalDoFilter(ApplicationFilterChain.java:162)
	at org.apache.catalina.core.ApplicationFilterChain.doFilter(ApplicationFilterChain.java:138)
	at org.springframework.web.filter.CorsFilter.doFilterInternal(CorsFilter.java:91)
	at org.springframework.web.filter.OncePerRequestFilter.doFilter(OncePerRequestFilter.java:116)
	at org.apache.catalina.core.ApplicationFilterChain.internalDoFilter(ApplicationFilterChain.java:162)
	at org.apache.catalina.core.ApplicationFilterChain.doFilter(ApplicationFilterChain.java:138)
	at org.springframework.web.filter.RequestContextFilter.doFilterInternal(RequestContextFilter.java:100)
	at org.springframework.web.filter.OncePerRequestFilter.doFilter(OncePerRequestFilter.java:116)
	at org.apache.catalina.core.ApplicationFilterChain.internalDoFilter(ApplicationFilterChain.java:162)
	at org.apache.catalina.core.ApplicationFilterChain.doFilter(ApplicationFilterChain.java:138)
	at org.springframework.web.filter.FormContentFilter.doFilterInternal(FormContentFilter.java:93)
	at org.springframework.web.filter.OncePerRequestFilter.doFilter(OncePerRequestFilter.java:116)
	at org.apache.catalina.core.ApplicationFilterChain.internalDoFilter(ApplicationFilterChain.java:162)
	at org.apache.catalina.core.ApplicationFilterChain.doFilter(ApplicationFilterChain.java:138)
	at org.springframework.web.filter.CharacterEncodingFilter.doFilterInternal(CharacterEncodingFilter.java:201)
	at org.springframework.web.filter.OncePerRequestFilter.doFilter(OncePerRequestFilter.java:116)
	at org.apache.catalina.core.ApplicationFilterChain.internalDoFilter(ApplicationFilterChain.java:162)
	at org.apache.catalina.core.ApplicationFilterChain.doFilter(ApplicationFilterChain.java:138)
	at org.apache.catalina.core.StandardWrapperValve.invoke(StandardWrapperValve.java:165)
	at org.apache.catalina.core.StandardContextValve.invoke(StandardContextValve.java:88)
	at org.apache.catalina.authenticator.AuthenticatorBase.invoke(AuthenticatorBase.java:482)
	at org.apache.catalina.core.StandardHostValve.invoke(StandardHostValve.java:113)
	at org.apache.catalina.valves.ErrorReportValve.invoke(ErrorReportValve.java:83)
	at org.apache.catalina.core.StandardEngineValve.invoke(StandardEngineValve.java:72)
	at org.apache.catalina.connector.CoyoteAdapter.service(CoyoteAdapter.java:342)
	at org.apache.coyote.http11.Http11Processor.service(Http11Processor.java:399)
	at org.apache.coyote.AbstractProcessorLight.process(AbstractProcessorLight.java:63)
	at org.apache.coyote.AbstractProtocol$ConnectionHandler.process(AbstractProtocol.java:903)
	at org.apache.tomcat.util.net.NioEndpoint$SocketProcessor.doRun(NioEndpoint.java:1774)
	at org.apache.tomcat.util.net.SocketProcessorBase.run(SocketProcessorBase.java:52)
	at org.apache.tomcat.util.threads.ThreadPoolExecutor.runWorker(ThreadPoolExecutor.java:973)
	at org.apache.tomcat.util.threads.ThreadPoolExecutor$Worker.run(ThreadPoolExecutor.java:491)
	at org.apache.tomcat.util.threads.TaskThread$WrappingRunnable.run(TaskThread.java:63)
	at java.base/java.lang.Thread.run(Thread.java:840)
16:22:37.975 [http-nio-8080-exec-4] ERROR o.a.c.c.C.[.[.[.[dispatcherServlet] - [log,170] - Servlet.service() for servlet [dispatcherServlet] in context with path [] threw exception [Request processing failed: org.mybatis.spring.MyBatisSystemException: 
### Error updating database.  Cause: org.apache.ibatis.reflection.ReflectionException: There is no getter for property named 'role' in 'class com.fast.system.domain.User'
### The error may exist in file [C:\Users\89328\Desktop\fast\springboot\target\classes\mapper\system\UserMapper.xml]
### The error may involve com.fast.system.mapper.UserMapper.updateUser
### The error occurred while executing an update
### Cause: org.apache.ibatis.reflection.ReflectionException: There is no getter for property named 'role' in 'class com.fast.system.domain.User'] with root cause
org.apache.ibatis.reflection.ReflectionException: There is no getter for property named 'role' in 'class com.fast.system.domain.User'
	at org.apache.ibatis.reflection.Reflector.getGetInvoker(Reflector.java:385)
	at org.apache.ibatis.reflection.MetaClass.getGetInvoker(MetaClass.java:160)
	at org.apache.ibatis.reflection.wrapper.BeanWrapper.getBeanProperty(BeanWrapper.java:156)
	at org.apache.ibatis.reflection.wrapper.BeanWrapper.get(BeanWrapper.java:50)
	at org.apache.ibatis.reflection.MetaObject.getValue(MetaObject.java:115)
	at org.apache.ibatis.scripting.xmltags.DynamicContext$ContextMap.get(DynamicContext.java:102)
	at org.apache.ibatis.scripting.xmltags.DynamicContext$ContextAccessor.getProperty(DynamicContext.java:112)
	at org.apache.ibatis.ognl.OgnlRuntime.getProperty(OgnlRuntime.java:2352)
	at org.apache.ibatis.ognl.ASTProperty.getValueBody(ASTProperty.java:95)
	at org.apache.ibatis.ognl.SimpleNode.evaluateGetValueBody(SimpleNode.java:171)
	at org.apache.ibatis.ognl.SimpleNode.getValue(SimpleNode.java:206)
	at org.apache.ibatis.ognl.ASTNotEq.getValueBody(ASTNotEq.java:34)
	at org.apache.ibatis.ognl.SimpleNode.evaluateGetValueBody(SimpleNode.java:171)
	at org.apache.ibatis.ognl.SimpleNode.getValue(SimpleNode.java:206)
	at org.apache.ibatis.ognl.ASTAnd.getValueBody(ASTAnd.java:45)
	at org.apache.ibatis.ognl.SimpleNode.evaluateGetValueBody(SimpleNode.java:171)
	at org.apache.ibatis.ognl.SimpleNode.getValue(SimpleNode.java:206)
	at org.apache.ibatis.ognl.Ognl.getValue(Ognl.java:408)
	at org.apache.ibatis.ognl.Ognl.getValue(Ognl.java:383)
	at org.apache.ibatis.scripting.xmltags.OgnlCache.getValue(OgnlCache.java:47)
	at org.apache.ibatis.scripting.xmltags.ExpressionEvaluator.evaluateBoolean(ExpressionEvaluator.java:34)
	at org.apache.ibatis.scripting.xmltags.IfSqlNode.apply(IfSqlNode.java:33)
	at org.apache.ibatis.scripting.xmltags.MixedSqlNode.lambda$apply$0(MixedSqlNode.java:32)
	at java.base/java.util.ArrayList.forEach(ArrayList.java:1511)
	at org.apache.ibatis.scripting.xmltags.MixedSqlNode.apply(MixedSqlNode.java:32)
	at org.apache.ibatis.scripting.xmltags.TrimSqlNode.apply(TrimSqlNode.java:58)
	at org.apache.ibatis.scripting.xmltags.MixedSqlNode.lambda$apply$0(MixedSqlNode.java:32)
	at java.base/java.util.ArrayList.forEach(ArrayList.java:1511)
	at org.apache.ibatis.scripting.xmltags.MixedSqlNode.apply(MixedSqlNode.java:32)
	at org.apache.ibatis.scripting.xmltags.DynamicSqlSource.getBoundSql(DynamicSqlSource.java:39)
	at org.apache.ibatis.mapping.MappedStatement.getBoundSql(MappedStatement.java:320)
	at org.apache.ibatis.executor.statement.BaseStatementHandler.<init>(BaseStatementHandler.java:65)
	at org.apache.ibatis.executor.statement.PreparedStatementHandler.<init>(PreparedStatementHandler.java:42)
	at org.apache.ibatis.executor.statement.RoutingStatementHandler.<init>(RoutingStatementHandler.java:47)
	at org.apache.ibatis.session.Configuration.newStatementHandler(Configuration.java:726)
	at org.apache.ibatis.executor.SimpleExecutor.doUpdate(SimpleExecutor.java:48)
	at org.apache.ibatis.executor.BaseExecutor.update(BaseExecutor.java:117)
	at org.apache.ibatis.executor.CachingExecutor.update(CachingExecutor.java:76)
	at java.base/jdk.internal.reflect.NativeMethodAccessorImpl.invoke0(Native Method)
	at java.base/jdk.internal.reflect.NativeMethodAccessorImpl.invoke(NativeMethodAccessorImpl.java:77)
	at java.base/jdk.internal.reflect.DelegatingMethodAccessorImpl.invoke(DelegatingMethodAccessorImpl.java:43)
	at java.base/java.lang.reflect.Method.invoke(Method.java:568)
	at org.apache.ibatis.plugin.Plugin.invoke(Plugin.java:61)
	at jdk.proxy2/jdk.proxy2.$Proxy81.update(Unknown Source)
	at org.apache.ibatis.session.defaults.DefaultSqlSession.update(DefaultSqlSession.java:197)
	at java.base/jdk.internal.reflect.NativeMethodAccessorImpl.invoke0(Native Method)
	at java.base/jdk.internal.reflect.NativeMethodAccessorImpl.invoke(NativeMethodAccessorImpl.java:77)
	at java.base/jdk.internal.reflect.DelegatingMethodAccessorImpl.invoke(DelegatingMethodAccessorImpl.java:43)
	at java.base/java.lang.reflect.Method.invoke(Method.java:568)
	at org.mybatis.spring.SqlSessionTemplate$SqlSessionInterceptor.invoke(SqlSessionTemplate.java:333)
	at jdk.proxy2/jdk.proxy2.$Proxy69.update(Unknown Source)
	at org.mybatis.spring.SqlSessionTemplate.update(SqlSessionTemplate.java:234)
	at org.apache.ibatis.binding.MapperMethod.execute(MapperMethod.java:67)
	at org.apache.ibatis.binding.MapperProxy$PlainMethodInvoker.invoke(MapperProxy.java:141)
	at org.apache.ibatis.binding.MapperProxy.invoke(MapperProxy.java:86)
	at jdk.proxy2/jdk.proxy2.$Proxy72.updateUser(Unknown Source)
	at com.fast.system.service.impl.UserServiceImpl.updateUser(UserServiceImpl.java:36)
	at com.fast.system.controller.UserController.edit(UserController.java:46)
	at java.base/jdk.internal.reflect.NativeMethodAccessorImpl.invoke0(Native Method)
	at java.base/jdk.internal.reflect.NativeMethodAccessorImpl.invoke(NativeMethodAccessorImpl.java:77)
	at java.base/jdk.internal.reflect.DelegatingMethodAccessorImpl.invoke(DelegatingMethodAccessorImpl.java:43)
	at java.base/java.lang.reflect.Method.invoke(Method.java:568)
	at org.springframework.web.method.support.InvocableHandlerMethod.doInvoke(InvocableHandlerMethod.java:258)
	at org.springframework.web.method.support.InvocableHandlerMethod.invokeForRequest(InvocableHandlerMethod.java:191)
	at org.springframework.web.servlet.mvc.method.annotation.ServletInvocableHandlerMethod.invokeAndHandle(ServletInvocableHandlerMethod.java:118)
	at org.springframework.web.servlet.mvc.method.annotation.RequestMappingHandlerAdapter.invokeHandlerMethod(RequestMappingHandlerAdapter.java:991)
	at org.springframework.web.servlet.mvc.method.annotation.RequestMappingHandlerAdapter.handleInternal(RequestMappingHandlerAdapter.java:896)
	at org.springframework.web.servlet.mvc.method.AbstractHandlerMethodAdapter.handle(AbstractHandlerMethodAdapter.java:87)
	at org.springframework.web.servlet.DispatcherServlet.doDispatch(DispatcherServlet.java:1089)
	at org.springframework.web.servlet.DispatcherServlet.doService(DispatcherServlet.java:979)
	at org.springframework.web.servlet.FrameworkServlet.processRequest(FrameworkServlet.java:1014)
	at org.springframework.web.servlet.FrameworkServlet.doPut(FrameworkServlet.java:925)
	at jakarta.servlet.http.HttpServlet.service(HttpServlet.java:593)
	at org.springframework.web.servlet.FrameworkServlet.service(FrameworkServlet.java:885)
	at jakarta.servlet.http.HttpServlet.service(HttpServlet.java:658)
	at org.apache.catalina.core.ApplicationFilterChain.internalDoFilter(ApplicationFilterChain.java:193)
	at org.apache.catalina.core.ApplicationFilterChain.doFilter(ApplicationFilterChain.java:138)
	at org.apache.tomcat.websocket.server.WsFilter.doFilter(WsFilter.java:51)
	at org.apache.catalina.core.ApplicationFilterChain.internalDoFilter(ApplicationFilterChain.java:162)
	at org.apache.catalina.core.ApplicationFilterChain.doFilter(ApplicationFilterChain.java:138)
	at org.springframework.web.filter.CorsFilter.doFilterInternal(CorsFilter.java:91)
	at org.springframework.web.filter.OncePerRequestFilter.doFilter(OncePerRequestFilter.java:116)
	at org.apache.catalina.core.ApplicationFilterChain.internalDoFilter(ApplicationFilterChain.java:162)
	at org.apache.catalina.core.ApplicationFilterChain.doFilter(ApplicationFilterChain.java:138)
	at org.springframework.web.filter.RequestContextFilter.doFilterInternal(RequestContextFilter.java:100)
	at org.springframework.web.filter.OncePerRequestFilter.doFilter(OncePerRequestFilter.java:116)
	at org.apache.catalina.core.ApplicationFilterChain.internalDoFilter(ApplicationFilterChain.java:162)
	at org.apache.catalina.core.ApplicationFilterChain.doFilter(ApplicationFilterChain.java:138)
	at org.springframework.web.filter.FormContentFilter.doFilterInternal(FormContentFilter.java:93)
	at org.springframework.web.filter.OncePerRequestFilter.doFilter(OncePerRequestFilter.java:116)
	at org.apache.catalina.core.ApplicationFilterChain.internalDoFilter(ApplicationFilterChain.java:162)
	at org.apache.catalina.core.ApplicationFilterChain.doFilter(ApplicationFilterChain.java:138)
	at org.springframework.web.filter.CharacterEncodingFilter.doFilterInternal(CharacterEncodingFilter.java:201)
	at org.springframework.web.filter.OncePerRequestFilter.doFilter(OncePerRequestFilter.java:116)
	at org.apache.catalina.core.ApplicationFilterChain.internalDoFilter(ApplicationFilterChain.java:162)
	at org.apache.catalina.core.ApplicationFilterChain.doFilter(ApplicationFilterChain.java:138)
	at org.apache.catalina.core.StandardWrapperValve.invoke(StandardWrapperValve.java:165)
	at org.apache.catalina.core.StandardContextValve.invoke(StandardContextValve.java:88)
	at org.apache.catalina.authenticator.AuthenticatorBase.invoke(AuthenticatorBase.java:482)
	at org.apache.catalina.core.StandardHostValve.invoke(StandardHostValve.java:113)
	at org.apache.catalina.valves.ErrorReportValve.invoke(ErrorReportValve.java:83)
	at org.apache.catalina.core.StandardEngineValve.invoke(StandardEngineValve.java:72)
	at org.apache.catalina.connector.CoyoteAdapter.service(CoyoteAdapter.java:342)
	at org.apache.coyote.http11.Http11Processor.service(Http11Processor.java:399)
	at org.apache.coyote.AbstractProcessorLight.process(AbstractProcessorLight.java:63)
	at org.apache.coyote.AbstractProtocol$ConnectionHandler.process(AbstractProtocol.java:903)
	at org.apache.tomcat.util.net.NioEndpoint$SocketProcessor.doRun(NioEndpoint.java:1774)
	at org.apache.tomcat.util.net.SocketProcessorBase.run(SocketProcessorBase.java:52)
	at org.apache.tomcat.util.threads.ThreadPoolExecutor.runWorker(ThreadPoolExecutor.java:973)
	at org.apache.tomcat.util.threads.ThreadPoolExecutor$Worker.run(ThreadPoolExecutor.java:491)
	at org.apache.tomcat.util.threads.TaskThread$WrappingRunnable.run(TaskThread.java:63)
	at java.base/java.lang.Thread.run(Thread.java:840)
16:22:38.576 [http-nio-8080-exec-5] ERROR o.a.c.c.C.[.[.[.[dispatcherServlet] - [log,170] - Servlet.service() for servlet [dispatcherServlet] in context with path [] threw exception [Request processing failed: org.mybatis.spring.MyBatisSystemException: 
### Error updating database.  Cause: org.apache.ibatis.reflection.ReflectionException: There is no getter for property named 'role' in 'class com.fast.system.domain.User'
### The error may exist in file [C:\Users\89328\Desktop\fast\springboot\target\classes\mapper\system\UserMapper.xml]
### The error may involve com.fast.system.mapper.UserMapper.updateUser
### The error occurred while executing an update
### Cause: org.apache.ibatis.reflection.ReflectionException: There is no getter for property named 'role' in 'class com.fast.system.domain.User'] with root cause
org.apache.ibatis.reflection.ReflectionException: There is no getter for property named 'role' in 'class com.fast.system.domain.User'
	at org.apache.ibatis.reflection.Reflector.getGetInvoker(Reflector.java:385)
	at org.apache.ibatis.reflection.MetaClass.getGetInvoker(MetaClass.java:160)
	at org.apache.ibatis.reflection.wrapper.BeanWrapper.getBeanProperty(BeanWrapper.java:156)
	at org.apache.ibatis.reflection.wrapper.BeanWrapper.get(BeanWrapper.java:50)
	at org.apache.ibatis.reflection.MetaObject.getValue(MetaObject.java:115)
	at org.apache.ibatis.scripting.xmltags.DynamicContext$ContextMap.get(DynamicContext.java:102)
	at org.apache.ibatis.scripting.xmltags.DynamicContext$ContextAccessor.getProperty(DynamicContext.java:112)
	at org.apache.ibatis.ognl.OgnlRuntime.getProperty(OgnlRuntime.java:2352)
	at org.apache.ibatis.ognl.ASTProperty.getValueBody(ASTProperty.java:95)
	at org.apache.ibatis.ognl.SimpleNode.evaluateGetValueBody(SimpleNode.java:171)
	at org.apache.ibatis.ognl.SimpleNode.getValue(SimpleNode.java:206)
	at org.apache.ibatis.ognl.ASTNotEq.getValueBody(ASTNotEq.java:34)
	at org.apache.ibatis.ognl.SimpleNode.evaluateGetValueBody(SimpleNode.java:171)
	at org.apache.ibatis.ognl.SimpleNode.getValue(SimpleNode.java:206)
	at org.apache.ibatis.ognl.ASTAnd.getValueBody(ASTAnd.java:45)
	at org.apache.ibatis.ognl.SimpleNode.evaluateGetValueBody(SimpleNode.java:171)
	at org.apache.ibatis.ognl.SimpleNode.getValue(SimpleNode.java:206)
	at org.apache.ibatis.ognl.Ognl.getValue(Ognl.java:408)
	at org.apache.ibatis.ognl.Ognl.getValue(Ognl.java:383)
	at org.apache.ibatis.scripting.xmltags.OgnlCache.getValue(OgnlCache.java:47)
	at org.apache.ibatis.scripting.xmltags.ExpressionEvaluator.evaluateBoolean(ExpressionEvaluator.java:34)
	at org.apache.ibatis.scripting.xmltags.IfSqlNode.apply(IfSqlNode.java:33)
	at org.apache.ibatis.scripting.xmltags.MixedSqlNode.lambda$apply$0(MixedSqlNode.java:32)
	at java.base/java.util.ArrayList.forEach(ArrayList.java:1511)
	at org.apache.ibatis.scripting.xmltags.MixedSqlNode.apply(MixedSqlNode.java:32)
	at org.apache.ibatis.scripting.xmltags.TrimSqlNode.apply(TrimSqlNode.java:58)
	at org.apache.ibatis.scripting.xmltags.MixedSqlNode.lambda$apply$0(MixedSqlNode.java:32)
	at java.base/java.util.ArrayList.forEach(ArrayList.java:1511)
	at org.apache.ibatis.scripting.xmltags.MixedSqlNode.apply(MixedSqlNode.java:32)
	at org.apache.ibatis.scripting.xmltags.DynamicSqlSource.getBoundSql(DynamicSqlSource.java:39)
	at org.apache.ibatis.mapping.MappedStatement.getBoundSql(MappedStatement.java:320)
	at org.apache.ibatis.executor.statement.BaseStatementHandler.<init>(BaseStatementHandler.java:65)
	at org.apache.ibatis.executor.statement.PreparedStatementHandler.<init>(PreparedStatementHandler.java:42)
	at org.apache.ibatis.executor.statement.RoutingStatementHandler.<init>(RoutingStatementHandler.java:47)
	at org.apache.ibatis.session.Configuration.newStatementHandler(Configuration.java:726)
	at org.apache.ibatis.executor.SimpleExecutor.doUpdate(SimpleExecutor.java:48)
	at org.apache.ibatis.executor.BaseExecutor.update(BaseExecutor.java:117)
	at org.apache.ibatis.executor.CachingExecutor.update(CachingExecutor.java:76)
	at java.base/jdk.internal.reflect.NativeMethodAccessorImpl.invoke0(Native Method)
	at java.base/jdk.internal.reflect.NativeMethodAccessorImpl.invoke(NativeMethodAccessorImpl.java:77)
	at java.base/jdk.internal.reflect.DelegatingMethodAccessorImpl.invoke(DelegatingMethodAccessorImpl.java:43)
	at java.base/java.lang.reflect.Method.invoke(Method.java:568)
	at org.apache.ibatis.plugin.Plugin.invoke(Plugin.java:61)
	at jdk.proxy2/jdk.proxy2.$Proxy81.update(Unknown Source)
	at org.apache.ibatis.session.defaults.DefaultSqlSession.update(DefaultSqlSession.java:197)
	at java.base/jdk.internal.reflect.NativeMethodAccessorImpl.invoke0(Native Method)
	at java.base/jdk.internal.reflect.NativeMethodAccessorImpl.invoke(NativeMethodAccessorImpl.java:77)
	at java.base/jdk.internal.reflect.DelegatingMethodAccessorImpl.invoke(DelegatingMethodAccessorImpl.java:43)
	at java.base/java.lang.reflect.Method.invoke(Method.java:568)
	at org.mybatis.spring.SqlSessionTemplate$SqlSessionInterceptor.invoke(SqlSessionTemplate.java:333)
	at jdk.proxy2/jdk.proxy2.$Proxy69.update(Unknown Source)
	at org.mybatis.spring.SqlSessionTemplate.update(SqlSessionTemplate.java:234)
	at org.apache.ibatis.binding.MapperMethod.execute(MapperMethod.java:67)
	at org.apache.ibatis.binding.MapperProxy$PlainMethodInvoker.invoke(MapperProxy.java:141)
	at org.apache.ibatis.binding.MapperProxy.invoke(MapperProxy.java:86)
	at jdk.proxy2/jdk.proxy2.$Proxy72.updateUser(Unknown Source)
	at com.fast.system.service.impl.UserServiceImpl.updateUser(UserServiceImpl.java:36)
	at com.fast.system.controller.UserController.edit(UserController.java:46)
	at java.base/jdk.internal.reflect.NativeMethodAccessorImpl.invoke0(Native Method)
	at java.base/jdk.internal.reflect.NativeMethodAccessorImpl.invoke(NativeMethodAccessorImpl.java:77)
	at java.base/jdk.internal.reflect.DelegatingMethodAccessorImpl.invoke(DelegatingMethodAccessorImpl.java:43)
	at java.base/java.lang.reflect.Method.invoke(Method.java:568)
	at org.springframework.web.method.support.InvocableHandlerMethod.doInvoke(InvocableHandlerMethod.java:258)
	at org.springframework.web.method.support.InvocableHandlerMethod.invokeForRequest(InvocableHandlerMethod.java:191)
	at org.springframework.web.servlet.mvc.method.annotation.ServletInvocableHandlerMethod.invokeAndHandle(ServletInvocableHandlerMethod.java:118)
	at org.springframework.web.servlet.mvc.method.annotation.RequestMappingHandlerAdapter.invokeHandlerMethod(RequestMappingHandlerAdapter.java:991)
	at org.springframework.web.servlet.mvc.method.annotation.RequestMappingHandlerAdapter.handleInternal(RequestMappingHandlerAdapter.java:896)
	at org.springframework.web.servlet.mvc.method.AbstractHandlerMethodAdapter.handle(AbstractHandlerMethodAdapter.java:87)
	at org.springframework.web.servlet.DispatcherServlet.doDispatch(DispatcherServlet.java:1089)
	at org.springframework.web.servlet.DispatcherServlet.doService(DispatcherServlet.java:979)
	at org.springframework.web.servlet.FrameworkServlet.processRequest(FrameworkServlet.java:1014)
	at org.springframework.web.servlet.FrameworkServlet.doPut(FrameworkServlet.java:925)
	at jakarta.servlet.http.HttpServlet.service(HttpServlet.java:593)
	at org.springframework.web.servlet.FrameworkServlet.service(FrameworkServlet.java:885)
	at jakarta.servlet.http.HttpServlet.service(HttpServlet.java:658)
	at org.apache.catalina.core.ApplicationFilterChain.internalDoFilter(ApplicationFilterChain.java:193)
	at org.apache.catalina.core.ApplicationFilterChain.doFilter(ApplicationFilterChain.java:138)
	at org.apache.tomcat.websocket.server.WsFilter.doFilter(WsFilter.java:51)
	at org.apache.catalina.core.ApplicationFilterChain.internalDoFilter(ApplicationFilterChain.java:162)
	at org.apache.catalina.core.ApplicationFilterChain.doFilter(ApplicationFilterChain.java:138)
	at org.springframework.web.filter.CorsFilter.doFilterInternal(CorsFilter.java:91)
	at org.springframework.web.filter.OncePerRequestFilter.doFilter(OncePerRequestFilter.java:116)
	at org.apache.catalina.core.ApplicationFilterChain.internalDoFilter(ApplicationFilterChain.java:162)
	at org.apache.catalina.core.ApplicationFilterChain.doFilter(ApplicationFilterChain.java:138)
	at org.springframework.web.filter.RequestContextFilter.doFilterInternal(RequestContextFilter.java:100)
	at org.springframework.web.filter.OncePerRequestFilter.doFilter(OncePerRequestFilter.java:116)
	at org.apache.catalina.core.ApplicationFilterChain.internalDoFilter(ApplicationFilterChain.java:162)
	at org.apache.catalina.core.ApplicationFilterChain.doFilter(ApplicationFilterChain.java:138)
	at org.springframework.web.filter.FormContentFilter.doFilterInternal(FormContentFilter.java:93)
	at org.springframework.web.filter.OncePerRequestFilter.doFilter(OncePerRequestFilter.java:116)
	at org.apache.catalina.core.ApplicationFilterChain.internalDoFilter(ApplicationFilterChain.java:162)
	at org.apache.catalina.core.ApplicationFilterChain.doFilter(ApplicationFilterChain.java:138)
	at org.springframework.web.filter.CharacterEncodingFilter.doFilterInternal(CharacterEncodingFilter.java:201)
	at org.springframework.web.filter.OncePerRequestFilter.doFilter(OncePerRequestFilter.java:116)
	at org.apache.catalina.core.ApplicationFilterChain.internalDoFilter(ApplicationFilterChain.java:162)
	at org.apache.catalina.core.ApplicationFilterChain.doFilter(ApplicationFilterChain.java:138)
	at org.apache.catalina.core.StandardWrapperValve.invoke(StandardWrapperValve.java:165)
	at org.apache.catalina.core.StandardContextValve.invoke(StandardContextValve.java:88)
	at org.apache.catalina.authenticator.AuthenticatorBase.invoke(AuthenticatorBase.java:482)
	at org.apache.catalina.core.StandardHostValve.invoke(StandardHostValve.java:113)
	at org.apache.catalina.valves.ErrorReportValve.invoke(ErrorReportValve.java:83)
	at org.apache.catalina.core.StandardEngineValve.invoke(StandardEngineValve.java:72)
	at org.apache.catalina.connector.CoyoteAdapter.service(CoyoteAdapter.java:342)
	at org.apache.coyote.http11.Http11Processor.service(Http11Processor.java:399)
	at org.apache.coyote.AbstractProcessorLight.process(AbstractProcessorLight.java:63)
	at org.apache.coyote.AbstractProtocol$ConnectionHandler.process(AbstractProtocol.java:903)
	at org.apache.tomcat.util.net.NioEndpoint$SocketProcessor.doRun(NioEndpoint.java:1774)
	at org.apache.tomcat.util.net.SocketProcessorBase.run(SocketProcessorBase.java:52)
	at org.apache.tomcat.util.threads.ThreadPoolExecutor.runWorker(ThreadPoolExecutor.java:973)
	at org.apache.tomcat.util.threads.ThreadPoolExecutor$Worker.run(ThreadPoolExecutor.java:491)
	at org.apache.tomcat.util.threads.TaskThread$WrappingRunnable.run(TaskThread.java:63)
	at java.base/java.lang.Thread.run(Thread.java:840)
16:22:38.855 [http-nio-8080-exec-6] ERROR o.a.c.c.C.[.[.[.[dispatcherServlet] - [log,170] - Servlet.service() for servlet [dispatcherServlet] in context with path [] threw exception [Request processing failed: org.mybatis.spring.MyBatisSystemException: 
### Error updating database.  Cause: org.apache.ibatis.reflection.ReflectionException: There is no getter for property named 'role' in 'class com.fast.system.domain.User'
### The error may exist in file [C:\Users\89328\Desktop\fast\springboot\target\classes\mapper\system\UserMapper.xml]
### The error may involve com.fast.system.mapper.UserMapper.updateUser
### The error occurred while executing an update
### Cause: org.apache.ibatis.reflection.ReflectionException: There is no getter for property named 'role' in 'class com.fast.system.domain.User'] with root cause
org.apache.ibatis.reflection.ReflectionException: There is no getter for property named 'role' in 'class com.fast.system.domain.User'
	at org.apache.ibatis.reflection.Reflector.getGetInvoker(Reflector.java:385)
	at org.apache.ibatis.reflection.MetaClass.getGetInvoker(MetaClass.java:160)
	at org.apache.ibatis.reflection.wrapper.BeanWrapper.getBeanProperty(BeanWrapper.java:156)
	at org.apache.ibatis.reflection.wrapper.BeanWrapper.get(BeanWrapper.java:50)
	at org.apache.ibatis.reflection.MetaObject.getValue(MetaObject.java:115)
	at org.apache.ibatis.scripting.xmltags.DynamicContext$ContextMap.get(DynamicContext.java:102)
	at org.apache.ibatis.scripting.xmltags.DynamicContext$ContextAccessor.getProperty(DynamicContext.java:112)
	at org.apache.ibatis.ognl.OgnlRuntime.getProperty(OgnlRuntime.java:2352)
	at org.apache.ibatis.ognl.ASTProperty.getValueBody(ASTProperty.java:95)
	at org.apache.ibatis.ognl.SimpleNode.evaluateGetValueBody(SimpleNode.java:171)
	at org.apache.ibatis.ognl.SimpleNode.getValue(SimpleNode.java:206)
	at org.apache.ibatis.ognl.ASTNotEq.getValueBody(ASTNotEq.java:34)
	at org.apache.ibatis.ognl.SimpleNode.evaluateGetValueBody(SimpleNode.java:171)
	at org.apache.ibatis.ognl.SimpleNode.getValue(SimpleNode.java:206)
	at org.apache.ibatis.ognl.ASTAnd.getValueBody(ASTAnd.java:45)
	at org.apache.ibatis.ognl.SimpleNode.evaluateGetValueBody(SimpleNode.java:171)
	at org.apache.ibatis.ognl.SimpleNode.getValue(SimpleNode.java:206)
	at org.apache.ibatis.ognl.Ognl.getValue(Ognl.java:408)
	at org.apache.ibatis.ognl.Ognl.getValue(Ognl.java:383)
	at org.apache.ibatis.scripting.xmltags.OgnlCache.getValue(OgnlCache.java:47)
	at org.apache.ibatis.scripting.xmltags.ExpressionEvaluator.evaluateBoolean(ExpressionEvaluator.java:34)
	at org.apache.ibatis.scripting.xmltags.IfSqlNode.apply(IfSqlNode.java:33)
	at org.apache.ibatis.scripting.xmltags.MixedSqlNode.lambda$apply$0(MixedSqlNode.java:32)
	at java.base/java.util.ArrayList.forEach(ArrayList.java:1511)
	at org.apache.ibatis.scripting.xmltags.MixedSqlNode.apply(MixedSqlNode.java:32)
	at org.apache.ibatis.scripting.xmltags.TrimSqlNode.apply(TrimSqlNode.java:58)
	at org.apache.ibatis.scripting.xmltags.MixedSqlNode.lambda$apply$0(MixedSqlNode.java:32)
	at java.base/java.util.ArrayList.forEach(ArrayList.java:1511)
	at org.apache.ibatis.scripting.xmltags.MixedSqlNode.apply(MixedSqlNode.java:32)
	at org.apache.ibatis.scripting.xmltags.DynamicSqlSource.getBoundSql(DynamicSqlSource.java:39)
	at org.apache.ibatis.mapping.MappedStatement.getBoundSql(MappedStatement.java:320)
	at org.apache.ibatis.executor.statement.BaseStatementHandler.<init>(BaseStatementHandler.java:65)
	at org.apache.ibatis.executor.statement.PreparedStatementHandler.<init>(PreparedStatementHandler.java:42)
	at org.apache.ibatis.executor.statement.RoutingStatementHandler.<init>(RoutingStatementHandler.java:47)
	at org.apache.ibatis.session.Configuration.newStatementHandler(Configuration.java:726)
	at org.apache.ibatis.executor.SimpleExecutor.doUpdate(SimpleExecutor.java:48)
	at org.apache.ibatis.executor.BaseExecutor.update(BaseExecutor.java:117)
	at org.apache.ibatis.executor.CachingExecutor.update(CachingExecutor.java:76)
	at java.base/jdk.internal.reflect.NativeMethodAccessorImpl.invoke0(Native Method)
	at java.base/jdk.internal.reflect.NativeMethodAccessorImpl.invoke(NativeMethodAccessorImpl.java:77)
	at java.base/jdk.internal.reflect.DelegatingMethodAccessorImpl.invoke(DelegatingMethodAccessorImpl.java:43)
	at java.base/java.lang.reflect.Method.invoke(Method.java:568)
	at org.apache.ibatis.plugin.Plugin.invoke(Plugin.java:61)
	at jdk.proxy2/jdk.proxy2.$Proxy81.update(Unknown Source)
	at org.apache.ibatis.session.defaults.DefaultSqlSession.update(DefaultSqlSession.java:197)
	at java.base/jdk.internal.reflect.NativeMethodAccessorImpl.invoke0(Native Method)
	at java.base/jdk.internal.reflect.NativeMethodAccessorImpl.invoke(NativeMethodAccessorImpl.java:77)
	at java.base/jdk.internal.reflect.DelegatingMethodAccessorImpl.invoke(DelegatingMethodAccessorImpl.java:43)
	at java.base/java.lang.reflect.Method.invoke(Method.java:568)
	at org.mybatis.spring.SqlSessionTemplate$SqlSessionInterceptor.invoke(SqlSessionTemplate.java:333)
	at jdk.proxy2/jdk.proxy2.$Proxy69.update(Unknown Source)
	at org.mybatis.spring.SqlSessionTemplate.update(SqlSessionTemplate.java:234)
	at org.apache.ibatis.binding.MapperMethod.execute(MapperMethod.java:67)
	at org.apache.ibatis.binding.MapperProxy$PlainMethodInvoker.invoke(MapperProxy.java:141)
	at org.apache.ibatis.binding.MapperProxy.invoke(MapperProxy.java:86)
	at jdk.proxy2/jdk.proxy2.$Proxy72.updateUser(Unknown Source)
	at com.fast.system.service.impl.UserServiceImpl.updateUser(UserServiceImpl.java:36)
	at com.fast.system.controller.UserController.edit(UserController.java:46)
	at java.base/jdk.internal.reflect.NativeMethodAccessorImpl.invoke0(Native Method)
	at java.base/jdk.internal.reflect.NativeMethodAccessorImpl.invoke(NativeMethodAccessorImpl.java:77)
	at java.base/jdk.internal.reflect.DelegatingMethodAccessorImpl.invoke(DelegatingMethodAccessorImpl.java:43)
	at java.base/java.lang.reflect.Method.invoke(Method.java:568)
	at org.springframework.web.method.support.InvocableHandlerMethod.doInvoke(InvocableHandlerMethod.java:258)
	at org.springframework.web.method.support.InvocableHandlerMethod.invokeForRequest(InvocableHandlerMethod.java:191)
	at org.springframework.web.servlet.mvc.method.annotation.ServletInvocableHandlerMethod.invokeAndHandle(ServletInvocableHandlerMethod.java:118)
	at org.springframework.web.servlet.mvc.method.annotation.RequestMappingHandlerAdapter.invokeHandlerMethod(RequestMappingHandlerAdapter.java:991)
	at org.springframework.web.servlet.mvc.method.annotation.RequestMappingHandlerAdapter.handleInternal(RequestMappingHandlerAdapter.java:896)
	at org.springframework.web.servlet.mvc.method.AbstractHandlerMethodAdapter.handle(AbstractHandlerMethodAdapter.java:87)
	at org.springframework.web.servlet.DispatcherServlet.doDispatch(DispatcherServlet.java:1089)
	at org.springframework.web.servlet.DispatcherServlet.doService(DispatcherServlet.java:979)
	at org.springframework.web.servlet.FrameworkServlet.processRequest(FrameworkServlet.java:1014)
	at org.springframework.web.servlet.FrameworkServlet.doPut(FrameworkServlet.java:925)
	at jakarta.servlet.http.HttpServlet.service(HttpServlet.java:593)
	at org.springframework.web.servlet.FrameworkServlet.service(FrameworkServlet.java:885)
	at jakarta.servlet.http.HttpServlet.service(HttpServlet.java:658)
	at org.apache.catalina.core.ApplicationFilterChain.internalDoFilter(ApplicationFilterChain.java:193)
	at org.apache.catalina.core.ApplicationFilterChain.doFilter(ApplicationFilterChain.java:138)
	at org.apache.tomcat.websocket.server.WsFilter.doFilter(WsFilter.java:51)
	at org.apache.catalina.core.ApplicationFilterChain.internalDoFilter(ApplicationFilterChain.java:162)
	at org.apache.catalina.core.ApplicationFilterChain.doFilter(ApplicationFilterChain.java:138)
	at org.springframework.web.filter.CorsFilter.doFilterInternal(CorsFilter.java:91)
	at org.springframework.web.filter.OncePerRequestFilter.doFilter(OncePerRequestFilter.java:116)
	at org.apache.catalina.core.ApplicationFilterChain.internalDoFilter(ApplicationFilterChain.java:162)
	at org.apache.catalina.core.ApplicationFilterChain.doFilter(ApplicationFilterChain.java:138)
	at org.springframework.web.filter.RequestContextFilter.doFilterInternal(RequestContextFilter.java:100)
	at org.springframework.web.filter.OncePerRequestFilter.doFilter(OncePerRequestFilter.java:116)
	at org.apache.catalina.core.ApplicationFilterChain.internalDoFilter(ApplicationFilterChain.java:162)
	at org.apache.catalina.core.ApplicationFilterChain.doFilter(ApplicationFilterChain.java:138)
	at org.springframework.web.filter.FormContentFilter.doFilterInternal(FormContentFilter.java:93)
	at org.springframework.web.filter.OncePerRequestFilter.doFilter(OncePerRequestFilter.java:116)
	at org.apache.catalina.core.ApplicationFilterChain.internalDoFilter(ApplicationFilterChain.java:162)
	at org.apache.catalina.core.ApplicationFilterChain.doFilter(ApplicationFilterChain.java:138)
	at org.springframework.web.filter.CharacterEncodingFilter.doFilterInternal(CharacterEncodingFilter.java:201)
	at org.springframework.web.filter.OncePerRequestFilter.doFilter(OncePerRequestFilter.java:116)
	at org.apache.catalina.core.ApplicationFilterChain.internalDoFilter(ApplicationFilterChain.java:162)
	at org.apache.catalina.core.ApplicationFilterChain.doFilter(ApplicationFilterChain.java:138)
	at org.apache.catalina.core.StandardWrapperValve.invoke(StandardWrapperValve.java:165)
	at org.apache.catalina.core.StandardContextValve.invoke(StandardContextValve.java:88)
	at org.apache.catalina.authenticator.AuthenticatorBase.invoke(AuthenticatorBase.java:482)
	at org.apache.catalina.core.StandardHostValve.invoke(StandardHostValve.java:113)
	at org.apache.catalina.valves.ErrorReportValve.invoke(ErrorReportValve.java:83)
	at org.apache.catalina.core.StandardEngineValve.invoke(StandardEngineValve.java:72)
	at org.apache.catalina.connector.CoyoteAdapter.service(CoyoteAdapter.java:342)
	at org.apache.coyote.http11.Http11Processor.service(Http11Processor.java:399)
	at org.apache.coyote.AbstractProcessorLight.process(AbstractProcessorLight.java:63)
	at org.apache.coyote.AbstractProtocol$ConnectionHandler.process(AbstractProtocol.java:903)
	at org.apache.tomcat.util.net.NioEndpoint$SocketProcessor.doRun(NioEndpoint.java:1774)
	at org.apache.tomcat.util.net.SocketProcessorBase.run(SocketProcessorBase.java:52)
	at org.apache.tomcat.util.threads.ThreadPoolExecutor.runWorker(ThreadPoolExecutor.java:973)
	at org.apache.tomcat.util.threads.ThreadPoolExecutor$Worker.run(ThreadPoolExecutor.java:491)
	at org.apache.tomcat.util.threads.TaskThread$WrappingRunnable.run(TaskThread.java:63)
	at java.base/java.lang.Thread.run(Thread.java:840)
16:22:39.341 [http-nio-8080-exec-7] ERROR o.a.c.c.C.[.[.[.[dispatcherServlet] - [log,170] - Servlet.service() for servlet [dispatcherServlet] in context with path [] threw exception [Request processing failed: org.mybatis.spring.MyBatisSystemException: 
### Error updating database.  Cause: org.apache.ibatis.reflection.ReflectionException: There is no getter for property named 'role' in 'class com.fast.system.domain.User'
### The error may exist in file [C:\Users\89328\Desktop\fast\springboot\target\classes\mapper\system\UserMapper.xml]
### The error may involve com.fast.system.mapper.UserMapper.updateUser
### The error occurred while executing an update
### Cause: org.apache.ibatis.reflection.ReflectionException: There is no getter for property named 'role' in 'class com.fast.system.domain.User'] with root cause
org.apache.ibatis.reflection.ReflectionException: There is no getter for property named 'role' in 'class com.fast.system.domain.User'
	at org.apache.ibatis.reflection.Reflector.getGetInvoker(Reflector.java:385)
	at org.apache.ibatis.reflection.MetaClass.getGetInvoker(MetaClass.java:160)
	at org.apache.ibatis.reflection.wrapper.BeanWrapper.getBeanProperty(BeanWrapper.java:156)
	at org.apache.ibatis.reflection.wrapper.BeanWrapper.get(BeanWrapper.java:50)
	at org.apache.ibatis.reflection.MetaObject.getValue(MetaObject.java:115)
	at org.apache.ibatis.scripting.xmltags.DynamicContext$ContextMap.get(DynamicContext.java:102)
	at org.apache.ibatis.scripting.xmltags.DynamicContext$ContextAccessor.getProperty(DynamicContext.java:112)
	at org.apache.ibatis.ognl.OgnlRuntime.getProperty(OgnlRuntime.java:2352)
	at org.apache.ibatis.ognl.ASTProperty.getValueBody(ASTProperty.java:95)
	at org.apache.ibatis.ognl.SimpleNode.evaluateGetValueBody(SimpleNode.java:171)
	at org.apache.ibatis.ognl.SimpleNode.getValue(SimpleNode.java:206)
	at org.apache.ibatis.ognl.ASTNotEq.getValueBody(ASTNotEq.java:34)
	at org.apache.ibatis.ognl.SimpleNode.evaluateGetValueBody(SimpleNode.java:171)
	at org.apache.ibatis.ognl.SimpleNode.getValue(SimpleNode.java:206)
	at org.apache.ibatis.ognl.ASTAnd.getValueBody(ASTAnd.java:45)
	at org.apache.ibatis.ognl.SimpleNode.evaluateGetValueBody(SimpleNode.java:171)
	at org.apache.ibatis.ognl.SimpleNode.getValue(SimpleNode.java:206)
	at org.apache.ibatis.ognl.Ognl.getValue(Ognl.java:408)
	at org.apache.ibatis.ognl.Ognl.getValue(Ognl.java:383)
	at org.apache.ibatis.scripting.xmltags.OgnlCache.getValue(OgnlCache.java:47)
	at org.apache.ibatis.scripting.xmltags.ExpressionEvaluator.evaluateBoolean(ExpressionEvaluator.java:34)
	at org.apache.ibatis.scripting.xmltags.IfSqlNode.apply(IfSqlNode.java:33)
	at org.apache.ibatis.scripting.xmltags.MixedSqlNode.lambda$apply$0(MixedSqlNode.java:32)
	at java.base/java.util.ArrayList.forEach(ArrayList.java:1511)
	at org.apache.ibatis.scripting.xmltags.MixedSqlNode.apply(MixedSqlNode.java:32)
	at org.apache.ibatis.scripting.xmltags.TrimSqlNode.apply(TrimSqlNode.java:58)
	at org.apache.ibatis.scripting.xmltags.MixedSqlNode.lambda$apply$0(MixedSqlNode.java:32)
	at java.base/java.util.ArrayList.forEach(ArrayList.java:1511)
	at org.apache.ibatis.scripting.xmltags.MixedSqlNode.apply(MixedSqlNode.java:32)
	at org.apache.ibatis.scripting.xmltags.DynamicSqlSource.getBoundSql(DynamicSqlSource.java:39)
	at org.apache.ibatis.mapping.MappedStatement.getBoundSql(MappedStatement.java:320)
	at org.apache.ibatis.executor.statement.BaseStatementHandler.<init>(BaseStatementHandler.java:65)
	at org.apache.ibatis.executor.statement.PreparedStatementHandler.<init>(PreparedStatementHandler.java:42)
	at org.apache.ibatis.executor.statement.RoutingStatementHandler.<init>(RoutingStatementHandler.java:47)
	at org.apache.ibatis.session.Configuration.newStatementHandler(Configuration.java:726)
	at org.apache.ibatis.executor.SimpleExecutor.doUpdate(SimpleExecutor.java:48)
	at org.apache.ibatis.executor.BaseExecutor.update(BaseExecutor.java:117)
	at org.apache.ibatis.executor.CachingExecutor.update(CachingExecutor.java:76)
	at java.base/jdk.internal.reflect.NativeMethodAccessorImpl.invoke0(Native Method)
	at java.base/jdk.internal.reflect.NativeMethodAccessorImpl.invoke(NativeMethodAccessorImpl.java:77)
	at java.base/jdk.internal.reflect.DelegatingMethodAccessorImpl.invoke(DelegatingMethodAccessorImpl.java:43)
	at java.base/java.lang.reflect.Method.invoke(Method.java:568)
	at org.apache.ibatis.plugin.Plugin.invoke(Plugin.java:61)
	at jdk.proxy2/jdk.proxy2.$Proxy81.update(Unknown Source)
	at org.apache.ibatis.session.defaults.DefaultSqlSession.update(DefaultSqlSession.java:197)
	at java.base/jdk.internal.reflect.NativeMethodAccessorImpl.invoke0(Native Method)
	at java.base/jdk.internal.reflect.NativeMethodAccessorImpl.invoke(NativeMethodAccessorImpl.java:77)
	at java.base/jdk.internal.reflect.DelegatingMethodAccessorImpl.invoke(DelegatingMethodAccessorImpl.java:43)
	at java.base/java.lang.reflect.Method.invoke(Method.java:568)
	at org.mybatis.spring.SqlSessionTemplate$SqlSessionInterceptor.invoke(SqlSessionTemplate.java:333)
	at jdk.proxy2/jdk.proxy2.$Proxy69.update(Unknown Source)
	at org.mybatis.spring.SqlSessionTemplate.update(SqlSessionTemplate.java:234)
	at org.apache.ibatis.binding.MapperMethod.execute(MapperMethod.java:67)
	at org.apache.ibatis.binding.MapperProxy$PlainMethodInvoker.invoke(MapperProxy.java:141)
	at org.apache.ibatis.binding.MapperProxy.invoke(MapperProxy.java:86)
	at jdk.proxy2/jdk.proxy2.$Proxy72.updateUser(Unknown Source)
	at com.fast.system.service.impl.UserServiceImpl.updateUser(UserServiceImpl.java:36)
	at com.fast.system.controller.UserController.edit(UserController.java:46)
	at java.base/jdk.internal.reflect.NativeMethodAccessorImpl.invoke0(Native Method)
	at java.base/jdk.internal.reflect.NativeMethodAccessorImpl.invoke(NativeMethodAccessorImpl.java:77)
	at java.base/jdk.internal.reflect.DelegatingMethodAccessorImpl.invoke(DelegatingMethodAccessorImpl.java:43)
	at java.base/java.lang.reflect.Method.invoke(Method.java:568)
	at org.springframework.web.method.support.InvocableHandlerMethod.doInvoke(InvocableHandlerMethod.java:258)
	at org.springframework.web.method.support.InvocableHandlerMethod.invokeForRequest(InvocableHandlerMethod.java:191)
	at org.springframework.web.servlet.mvc.method.annotation.ServletInvocableHandlerMethod.invokeAndHandle(ServletInvocableHandlerMethod.java:118)
	at org.springframework.web.servlet.mvc.method.annotation.RequestMappingHandlerAdapter.invokeHandlerMethod(RequestMappingHandlerAdapter.java:991)
	at org.springframework.web.servlet.mvc.method.annotation.RequestMappingHandlerAdapter.handleInternal(RequestMappingHandlerAdapter.java:896)
	at org.springframework.web.servlet.mvc.method.AbstractHandlerMethodAdapter.handle(AbstractHandlerMethodAdapter.java:87)
	at org.springframework.web.servlet.DispatcherServlet.doDispatch(DispatcherServlet.java:1089)
	at org.springframework.web.servlet.DispatcherServlet.doService(DispatcherServlet.java:979)
	at org.springframework.web.servlet.FrameworkServlet.processRequest(FrameworkServlet.java:1014)
	at org.springframework.web.servlet.FrameworkServlet.doPut(FrameworkServlet.java:925)
	at jakarta.servlet.http.HttpServlet.service(HttpServlet.java:593)
	at org.springframework.web.servlet.FrameworkServlet.service(FrameworkServlet.java:885)
	at jakarta.servlet.http.HttpServlet.service(HttpServlet.java:658)
	at org.apache.catalina.core.ApplicationFilterChain.internalDoFilter(ApplicationFilterChain.java:193)
	at org.apache.catalina.core.ApplicationFilterChain.doFilter(ApplicationFilterChain.java:138)
	at org.apache.tomcat.websocket.server.WsFilter.doFilter(WsFilter.java:51)
	at org.apache.catalina.core.ApplicationFilterChain.internalDoFilter(ApplicationFilterChain.java:162)
	at org.apache.catalina.core.ApplicationFilterChain.doFilter(ApplicationFilterChain.java:138)
	at org.springframework.web.filter.CorsFilter.doFilterInternal(CorsFilter.java:91)
	at org.springframework.web.filter.OncePerRequestFilter.doFilter(OncePerRequestFilter.java:116)
	at org.apache.catalina.core.ApplicationFilterChain.internalDoFilter(ApplicationFilterChain.java:162)
	at org.apache.catalina.core.ApplicationFilterChain.doFilter(ApplicationFilterChain.java:138)
	at org.springframework.web.filter.RequestContextFilter.doFilterInternal(RequestContextFilter.java:100)
	at org.springframework.web.filter.OncePerRequestFilter.doFilter(OncePerRequestFilter.java:116)
	at org.apache.catalina.core.ApplicationFilterChain.internalDoFilter(ApplicationFilterChain.java:162)
	at org.apache.catalina.core.ApplicationFilterChain.doFilter(ApplicationFilterChain.java:138)
	at org.springframework.web.filter.FormContentFilter.doFilterInternal(FormContentFilter.java:93)
	at org.springframework.web.filter.OncePerRequestFilter.doFilter(OncePerRequestFilter.java:116)
	at org.apache.catalina.core.ApplicationFilterChain.internalDoFilter(ApplicationFilterChain.java:162)
	at org.apache.catalina.core.ApplicationFilterChain.doFilter(ApplicationFilterChain.java:138)
	at org.springframework.web.filter.CharacterEncodingFilter.doFilterInternal(CharacterEncodingFilter.java:201)
	at org.springframework.web.filter.OncePerRequestFilter.doFilter(OncePerRequestFilter.java:116)
	at org.apache.catalina.core.ApplicationFilterChain.internalDoFilter(ApplicationFilterChain.java:162)
	at org.apache.catalina.core.ApplicationFilterChain.doFilter(ApplicationFilterChain.java:138)
	at org.apache.catalina.core.StandardWrapperValve.invoke(StandardWrapperValve.java:165)
	at org.apache.catalina.core.StandardContextValve.invoke(StandardContextValve.java:88)
	at org.apache.catalina.authenticator.AuthenticatorBase.invoke(AuthenticatorBase.java:482)
	at org.apache.catalina.core.StandardHostValve.invoke(StandardHostValve.java:113)
	at org.apache.catalina.valves.ErrorReportValve.invoke(ErrorReportValve.java:83)
	at org.apache.catalina.core.StandardEngineValve.invoke(StandardEngineValve.java:72)
	at org.apache.catalina.connector.CoyoteAdapter.service(CoyoteAdapter.java:342)
	at org.apache.coyote.http11.Http11Processor.service(Http11Processor.java:399)
	at org.apache.coyote.AbstractProcessorLight.process(AbstractProcessorLight.java:63)
	at org.apache.coyote.AbstractProtocol$ConnectionHandler.process(AbstractProtocol.java:903)
	at org.apache.tomcat.util.net.NioEndpoint$SocketProcessor.doRun(NioEndpoint.java:1774)
	at org.apache.tomcat.util.net.SocketProcessorBase.run(SocketProcessorBase.java:52)
	at org.apache.tomcat.util.threads.ThreadPoolExecutor.runWorker(ThreadPoolExecutor.java:973)
	at org.apache.tomcat.util.threads.ThreadPoolExecutor$Worker.run(ThreadPoolExecutor.java:491)
	at org.apache.tomcat.util.threads.TaskThread$WrappingRunnable.run(TaskThread.java:63)
	at java.base/java.lang.Thread.run(Thread.java:840)
16:22:39.506 [http-nio-8080-exec-8] ERROR o.a.c.c.C.[.[.[.[dispatcherServlet] - [log,170] - Servlet.service() for servlet [dispatcherServlet] in context with path [] threw exception [Request processing failed: org.mybatis.spring.MyBatisSystemException: 
### Error updating database.  Cause: org.apache.ibatis.reflection.ReflectionException: There is no getter for property named 'role' in 'class com.fast.system.domain.User'
### The error may exist in file [C:\Users\89328\Desktop\fast\springboot\target\classes\mapper\system\UserMapper.xml]
### The error may involve com.fast.system.mapper.UserMapper.updateUser
### The error occurred while executing an update
### Cause: org.apache.ibatis.reflection.ReflectionException: There is no getter for property named 'role' in 'class com.fast.system.domain.User'] with root cause
org.apache.ibatis.reflection.ReflectionException: There is no getter for property named 'role' in 'class com.fast.system.domain.User'
	at org.apache.ibatis.reflection.Reflector.getGetInvoker(Reflector.java:385)
	at org.apache.ibatis.reflection.MetaClass.getGetInvoker(MetaClass.java:160)
	at org.apache.ibatis.reflection.wrapper.BeanWrapper.getBeanProperty(BeanWrapper.java:156)
	at org.apache.ibatis.reflection.wrapper.BeanWrapper.get(BeanWrapper.java:50)
	at org.apache.ibatis.reflection.MetaObject.getValue(MetaObject.java:115)
	at org.apache.ibatis.scripting.xmltags.DynamicContext$ContextMap.get(DynamicContext.java:102)
	at org.apache.ibatis.scripting.xmltags.DynamicContext$ContextAccessor.getProperty(DynamicContext.java:112)
	at org.apache.ibatis.ognl.OgnlRuntime.getProperty(OgnlRuntime.java:2352)
	at org.apache.ibatis.ognl.ASTProperty.getValueBody(ASTProperty.java:95)
	at org.apache.ibatis.ognl.SimpleNode.evaluateGetValueBody(SimpleNode.java:171)
	at org.apache.ibatis.ognl.SimpleNode.getValue(SimpleNode.java:206)
	at org.apache.ibatis.ognl.ASTNotEq.getValueBody(ASTNotEq.java:34)
	at org.apache.ibatis.ognl.SimpleNode.evaluateGetValueBody(SimpleNode.java:171)
	at org.apache.ibatis.ognl.SimpleNode.getValue(SimpleNode.java:206)
	at org.apache.ibatis.ognl.ASTAnd.getValueBody(ASTAnd.java:45)
	at org.apache.ibatis.ognl.SimpleNode.evaluateGetValueBody(SimpleNode.java:171)
	at org.apache.ibatis.ognl.SimpleNode.getValue(SimpleNode.java:206)
	at org.apache.ibatis.ognl.Ognl.getValue(Ognl.java:408)
	at org.apache.ibatis.ognl.Ognl.getValue(Ognl.java:383)
	at org.apache.ibatis.scripting.xmltags.OgnlCache.getValue(OgnlCache.java:47)
	at org.apache.ibatis.scripting.xmltags.ExpressionEvaluator.evaluateBoolean(ExpressionEvaluator.java:34)
	at org.apache.ibatis.scripting.xmltags.IfSqlNode.apply(IfSqlNode.java:33)
	at org.apache.ibatis.scripting.xmltags.MixedSqlNode.lambda$apply$0(MixedSqlNode.java:32)
	at java.base/java.util.ArrayList.forEach(ArrayList.java:1511)
	at org.apache.ibatis.scripting.xmltags.MixedSqlNode.apply(MixedSqlNode.java:32)
	at org.apache.ibatis.scripting.xmltags.TrimSqlNode.apply(TrimSqlNode.java:58)
	at org.apache.ibatis.scripting.xmltags.MixedSqlNode.lambda$apply$0(MixedSqlNode.java:32)
	at java.base/java.util.ArrayList.forEach(ArrayList.java:1511)
	at org.apache.ibatis.scripting.xmltags.MixedSqlNode.apply(MixedSqlNode.java:32)
	at org.apache.ibatis.scripting.xmltags.DynamicSqlSource.getBoundSql(DynamicSqlSource.java:39)
	at org.apache.ibatis.mapping.MappedStatement.getBoundSql(MappedStatement.java:320)
	at org.apache.ibatis.executor.statement.BaseStatementHandler.<init>(BaseStatementHandler.java:65)
	at org.apache.ibatis.executor.statement.PreparedStatementHandler.<init>(PreparedStatementHandler.java:42)
	at org.apache.ibatis.executor.statement.RoutingStatementHandler.<init>(RoutingStatementHandler.java:47)
	at org.apache.ibatis.session.Configuration.newStatementHandler(Configuration.java:726)
	at org.apache.ibatis.executor.SimpleExecutor.doUpdate(SimpleExecutor.java:48)
	at org.apache.ibatis.executor.BaseExecutor.update(BaseExecutor.java:117)
	at org.apache.ibatis.executor.CachingExecutor.update(CachingExecutor.java:76)
	at java.base/jdk.internal.reflect.NativeMethodAccessorImpl.invoke0(Native Method)
	at java.base/jdk.internal.reflect.NativeMethodAccessorImpl.invoke(NativeMethodAccessorImpl.java:77)
	at java.base/jdk.internal.reflect.DelegatingMethodAccessorImpl.invoke(DelegatingMethodAccessorImpl.java:43)
	at java.base/java.lang.reflect.Method.invoke(Method.java:568)
	at org.apache.ibatis.plugin.Plugin.invoke(Plugin.java:61)
	at jdk.proxy2/jdk.proxy2.$Proxy81.update(Unknown Source)
	at org.apache.ibatis.session.defaults.DefaultSqlSession.update(DefaultSqlSession.java:197)
	at java.base/jdk.internal.reflect.NativeMethodAccessorImpl.invoke0(Native Method)
	at java.base/jdk.internal.reflect.NativeMethodAccessorImpl.invoke(NativeMethodAccessorImpl.java:77)
	at java.base/jdk.internal.reflect.DelegatingMethodAccessorImpl.invoke(DelegatingMethodAccessorImpl.java:43)
	at java.base/java.lang.reflect.Method.invoke(Method.java:568)
	at org.mybatis.spring.SqlSessionTemplate$SqlSessionInterceptor.invoke(SqlSessionTemplate.java:333)
	at jdk.proxy2/jdk.proxy2.$Proxy69.update(Unknown Source)
	at org.mybatis.spring.SqlSessionTemplate.update(SqlSessionTemplate.java:234)
	at org.apache.ibatis.binding.MapperMethod.execute(MapperMethod.java:67)
	at org.apache.ibatis.binding.MapperProxy$PlainMethodInvoker.invoke(MapperProxy.java:141)
	at org.apache.ibatis.binding.MapperProxy.invoke(MapperProxy.java:86)
	at jdk.proxy2/jdk.proxy2.$Proxy72.updateUser(Unknown Source)
	at com.fast.system.service.impl.UserServiceImpl.updateUser(UserServiceImpl.java:36)
	at com.fast.system.controller.UserController.edit(UserController.java:46)
	at java.base/jdk.internal.reflect.NativeMethodAccessorImpl.invoke0(Native Method)
	at java.base/jdk.internal.reflect.NativeMethodAccessorImpl.invoke(NativeMethodAccessorImpl.java:77)
	at java.base/jdk.internal.reflect.DelegatingMethodAccessorImpl.invoke(DelegatingMethodAccessorImpl.java:43)
	at java.base/java.lang.reflect.Method.invoke(Method.java:568)
	at org.springframework.web.method.support.InvocableHandlerMethod.doInvoke(InvocableHandlerMethod.java:258)
	at org.springframework.web.method.support.InvocableHandlerMethod.invokeForRequest(InvocableHandlerMethod.java:191)
	at org.springframework.web.servlet.mvc.method.annotation.ServletInvocableHandlerMethod.invokeAndHandle(ServletInvocableHandlerMethod.java:118)
	at org.springframework.web.servlet.mvc.method.annotation.RequestMappingHandlerAdapter.invokeHandlerMethod(RequestMappingHandlerAdapter.java:991)
	at org.springframework.web.servlet.mvc.method.annotation.RequestMappingHandlerAdapter.handleInternal(RequestMappingHandlerAdapter.java:896)
	at org.springframework.web.servlet.mvc.method.AbstractHandlerMethodAdapter.handle(AbstractHandlerMethodAdapter.java:87)
	at org.springframework.web.servlet.DispatcherServlet.doDispatch(DispatcherServlet.java:1089)
	at org.springframework.web.servlet.DispatcherServlet.doService(DispatcherServlet.java:979)
	at org.springframework.web.servlet.FrameworkServlet.processRequest(FrameworkServlet.java:1014)
	at org.springframework.web.servlet.FrameworkServlet.doPut(FrameworkServlet.java:925)
	at jakarta.servlet.http.HttpServlet.service(HttpServlet.java:593)
	at org.springframework.web.servlet.FrameworkServlet.service(FrameworkServlet.java:885)
	at jakarta.servlet.http.HttpServlet.service(HttpServlet.java:658)
	at org.apache.catalina.core.ApplicationFilterChain.internalDoFilter(ApplicationFilterChain.java:193)
	at org.apache.catalina.core.ApplicationFilterChain.doFilter(ApplicationFilterChain.java:138)
	at org.apache.tomcat.websocket.server.WsFilter.doFilter(WsFilter.java:51)
	at org.apache.catalina.core.ApplicationFilterChain.internalDoFilter(ApplicationFilterChain.java:162)
	at org.apache.catalina.core.ApplicationFilterChain.doFilter(ApplicationFilterChain.java:138)
	at org.springframework.web.filter.CorsFilter.doFilterInternal(CorsFilter.java:91)
	at org.springframework.web.filter.OncePerRequestFilter.doFilter(OncePerRequestFilter.java:116)
	at org.apache.catalina.core.ApplicationFilterChain.internalDoFilter(ApplicationFilterChain.java:162)
	at org.apache.catalina.core.ApplicationFilterChain.doFilter(ApplicationFilterChain.java:138)
	at org.springframework.web.filter.RequestContextFilter.doFilterInternal(RequestContextFilter.java:100)
	at org.springframework.web.filter.OncePerRequestFilter.doFilter(OncePerRequestFilter.java:116)
	at org.apache.catalina.core.ApplicationFilterChain.internalDoFilter(ApplicationFilterChain.java:162)
	at org.apache.catalina.core.ApplicationFilterChain.doFilter(ApplicationFilterChain.java:138)
	at org.springframework.web.filter.FormContentFilter.doFilterInternal(FormContentFilter.java:93)
	at org.springframework.web.filter.OncePerRequestFilter.doFilter(OncePerRequestFilter.java:116)
	at org.apache.catalina.core.ApplicationFilterChain.internalDoFilter(ApplicationFilterChain.java:162)
	at org.apache.catalina.core.ApplicationFilterChain.doFilter(ApplicationFilterChain.java:138)
	at org.springframework.web.filter.CharacterEncodingFilter.doFilterInternal(CharacterEncodingFilter.java:201)
	at org.springframework.web.filter.OncePerRequestFilter.doFilter(OncePerRequestFilter.java:116)
	at org.apache.catalina.core.ApplicationFilterChain.internalDoFilter(ApplicationFilterChain.java:162)
	at org.apache.catalina.core.ApplicationFilterChain.doFilter(ApplicationFilterChain.java:138)
	at org.apache.catalina.core.StandardWrapperValve.invoke(StandardWrapperValve.java:165)
	at org.apache.catalina.core.StandardContextValve.invoke(StandardContextValve.java:88)
	at org.apache.catalina.authenticator.AuthenticatorBase.invoke(AuthenticatorBase.java:482)
	at org.apache.catalina.core.StandardHostValve.invoke(StandardHostValve.java:113)
	at org.apache.catalina.valves.ErrorReportValve.invoke(ErrorReportValve.java:83)
	at org.apache.catalina.core.StandardEngineValve.invoke(StandardEngineValve.java:72)
	at org.apache.catalina.connector.CoyoteAdapter.service(CoyoteAdapter.java:342)
	at org.apache.coyote.http11.Http11Processor.service(Http11Processor.java:399)
	at org.apache.coyote.AbstractProcessorLight.process(AbstractProcessorLight.java:63)
	at org.apache.coyote.AbstractProtocol$ConnectionHandler.process(AbstractProtocol.java:903)
	at org.apache.tomcat.util.net.NioEndpoint$SocketProcessor.doRun(NioEndpoint.java:1774)
	at org.apache.tomcat.util.net.SocketProcessorBase.run(SocketProcessorBase.java:52)
	at org.apache.tomcat.util.threads.ThreadPoolExecutor.runWorker(ThreadPoolExecutor.java:973)
	at org.apache.tomcat.util.threads.ThreadPoolExecutor$Worker.run(ThreadPoolExecutor.java:491)
	at org.apache.tomcat.util.threads.TaskThread$WrappingRunnable.run(TaskThread.java:63)
	at java.base/java.lang.Thread.run(Thread.java:840)
16:22:39.648 [http-nio-8080-exec-9] ERROR o.a.c.c.C.[.[.[.[dispatcherServlet] - [log,170] - Servlet.service() for servlet [dispatcherServlet] in context with path [] threw exception [Request processing failed: org.mybatis.spring.MyBatisSystemException: 
### Error updating database.  Cause: org.apache.ibatis.reflection.ReflectionException: There is no getter for property named 'role' in 'class com.fast.system.domain.User'
### The error may exist in file [C:\Users\89328\Desktop\fast\springboot\target\classes\mapper\system\UserMapper.xml]
### The error may involve com.fast.system.mapper.UserMapper.updateUser
### The error occurred while executing an update
### Cause: org.apache.ibatis.reflection.ReflectionException: There is no getter for property named 'role' in 'class com.fast.system.domain.User'] with root cause
org.apache.ibatis.reflection.ReflectionException: There is no getter for property named 'role' in 'class com.fast.system.domain.User'
	at org.apache.ibatis.reflection.Reflector.getGetInvoker(Reflector.java:385)
	at org.apache.ibatis.reflection.MetaClass.getGetInvoker(MetaClass.java:160)
	at org.apache.ibatis.reflection.wrapper.BeanWrapper.getBeanProperty(BeanWrapper.java:156)
	at org.apache.ibatis.reflection.wrapper.BeanWrapper.get(BeanWrapper.java:50)
	at org.apache.ibatis.reflection.MetaObject.getValue(MetaObject.java:115)
	at org.apache.ibatis.scripting.xmltags.DynamicContext$ContextMap.get(DynamicContext.java:102)
	at org.apache.ibatis.scripting.xmltags.DynamicContext$ContextAccessor.getProperty(DynamicContext.java:112)
	at org.apache.ibatis.ognl.OgnlRuntime.getProperty(OgnlRuntime.java:2352)
	at org.apache.ibatis.ognl.ASTProperty.getValueBody(ASTProperty.java:95)
	at org.apache.ibatis.ognl.SimpleNode.evaluateGetValueBody(SimpleNode.java:171)
	at org.apache.ibatis.ognl.SimpleNode.getValue(SimpleNode.java:206)
	at org.apache.ibatis.ognl.ASTNotEq.getValueBody(ASTNotEq.java:34)
	at org.apache.ibatis.ognl.SimpleNode.evaluateGetValueBody(SimpleNode.java:171)
	at org.apache.ibatis.ognl.SimpleNode.getValue(SimpleNode.java:206)
	at org.apache.ibatis.ognl.ASTAnd.getValueBody(ASTAnd.java:45)
	at org.apache.ibatis.ognl.SimpleNode.evaluateGetValueBody(SimpleNode.java:171)
	at org.apache.ibatis.ognl.SimpleNode.getValue(SimpleNode.java:206)
	at org.apache.ibatis.ognl.Ognl.getValue(Ognl.java:408)
	at org.apache.ibatis.ognl.Ognl.getValue(Ognl.java:383)
	at org.apache.ibatis.scripting.xmltags.OgnlCache.getValue(OgnlCache.java:47)
	at org.apache.ibatis.scripting.xmltags.ExpressionEvaluator.evaluateBoolean(ExpressionEvaluator.java:34)
	at org.apache.ibatis.scripting.xmltags.IfSqlNode.apply(IfSqlNode.java:33)
	at org.apache.ibatis.scripting.xmltags.MixedSqlNode.lambda$apply$0(MixedSqlNode.java:32)
	at java.base/java.util.ArrayList.forEach(ArrayList.java:1511)
	at org.apache.ibatis.scripting.xmltags.MixedSqlNode.apply(MixedSqlNode.java:32)
	at org.apache.ibatis.scripting.xmltags.TrimSqlNode.apply(TrimSqlNode.java:58)
	at org.apache.ibatis.scripting.xmltags.MixedSqlNode.lambda$apply$0(MixedSqlNode.java:32)
	at java.base/java.util.ArrayList.forEach(ArrayList.java:1511)
	at org.apache.ibatis.scripting.xmltags.MixedSqlNode.apply(MixedSqlNode.java:32)
	at org.apache.ibatis.scripting.xmltags.DynamicSqlSource.getBoundSql(DynamicSqlSource.java:39)
	at org.apache.ibatis.mapping.MappedStatement.getBoundSql(MappedStatement.java:320)
	at org.apache.ibatis.executor.statement.BaseStatementHandler.<init>(BaseStatementHandler.java:65)
	at org.apache.ibatis.executor.statement.PreparedStatementHandler.<init>(PreparedStatementHandler.java:42)
	at org.apache.ibatis.executor.statement.RoutingStatementHandler.<init>(RoutingStatementHandler.java:47)
	at org.apache.ibatis.session.Configuration.newStatementHandler(Configuration.java:726)
	at org.apache.ibatis.executor.SimpleExecutor.doUpdate(SimpleExecutor.java:48)
	at org.apache.ibatis.executor.BaseExecutor.update(BaseExecutor.java:117)
	at org.apache.ibatis.executor.CachingExecutor.update(CachingExecutor.java:76)
	at java.base/jdk.internal.reflect.NativeMethodAccessorImpl.invoke0(Native Method)
	at java.base/jdk.internal.reflect.NativeMethodAccessorImpl.invoke(NativeMethodAccessorImpl.java:77)
	at java.base/jdk.internal.reflect.DelegatingMethodAccessorImpl.invoke(DelegatingMethodAccessorImpl.java:43)
	at java.base/java.lang.reflect.Method.invoke(Method.java:568)
	at org.apache.ibatis.plugin.Plugin.invoke(Plugin.java:61)
	at jdk.proxy2/jdk.proxy2.$Proxy81.update(Unknown Source)
	at org.apache.ibatis.session.defaults.DefaultSqlSession.update(DefaultSqlSession.java:197)
	at java.base/jdk.internal.reflect.NativeMethodAccessorImpl.invoke0(Native Method)
	at java.base/jdk.internal.reflect.NativeMethodAccessorImpl.invoke(NativeMethodAccessorImpl.java:77)
	at java.base/jdk.internal.reflect.DelegatingMethodAccessorImpl.invoke(DelegatingMethodAccessorImpl.java:43)
	at java.base/java.lang.reflect.Method.invoke(Method.java:568)
	at org.mybatis.spring.SqlSessionTemplate$SqlSessionInterceptor.invoke(SqlSessionTemplate.java:333)
	at jdk.proxy2/jdk.proxy2.$Proxy69.update(Unknown Source)
	at org.mybatis.spring.SqlSessionTemplate.update(SqlSessionTemplate.java:234)
	at org.apache.ibatis.binding.MapperMethod.execute(MapperMethod.java:67)
	at org.apache.ibatis.binding.MapperProxy$PlainMethodInvoker.invoke(MapperProxy.java:141)
	at org.apache.ibatis.binding.MapperProxy.invoke(MapperProxy.java:86)
	at jdk.proxy2/jdk.proxy2.$Proxy72.updateUser(Unknown Source)
	at com.fast.system.service.impl.UserServiceImpl.updateUser(UserServiceImpl.java:36)
	at com.fast.system.controller.UserController.edit(UserController.java:46)
	at java.base/jdk.internal.reflect.NativeMethodAccessorImpl.invoke0(Native Method)
	at java.base/jdk.internal.reflect.NativeMethodAccessorImpl.invoke(NativeMethodAccessorImpl.java:77)
	at java.base/jdk.internal.reflect.DelegatingMethodAccessorImpl.invoke(DelegatingMethodAccessorImpl.java:43)
	at java.base/java.lang.reflect.Method.invoke(Method.java:568)
	at org.springframework.web.method.support.InvocableHandlerMethod.doInvoke(InvocableHandlerMethod.java:258)
	at org.springframework.web.method.support.InvocableHandlerMethod.invokeForRequest(InvocableHandlerMethod.java:191)
	at org.springframework.web.servlet.mvc.method.annotation.ServletInvocableHandlerMethod.invokeAndHandle(ServletInvocableHandlerMethod.java:118)
	at org.springframework.web.servlet.mvc.method.annotation.RequestMappingHandlerAdapter.invokeHandlerMethod(RequestMappingHandlerAdapter.java:991)
	at org.springframework.web.servlet.mvc.method.annotation.RequestMappingHandlerAdapter.handleInternal(RequestMappingHandlerAdapter.java:896)
	at org.springframework.web.servlet.mvc.method.AbstractHandlerMethodAdapter.handle(AbstractHandlerMethodAdapter.java:87)
	at org.springframework.web.servlet.DispatcherServlet.doDispatch(DispatcherServlet.java:1089)
	at org.springframework.web.servlet.DispatcherServlet.doService(DispatcherServlet.java:979)
	at org.springframework.web.servlet.FrameworkServlet.processRequest(FrameworkServlet.java:1014)
	at org.springframework.web.servlet.FrameworkServlet.doPut(FrameworkServlet.java:925)
	at jakarta.servlet.http.HttpServlet.service(HttpServlet.java:593)
	at org.springframework.web.servlet.FrameworkServlet.service(FrameworkServlet.java:885)
	at jakarta.servlet.http.HttpServlet.service(HttpServlet.java:658)
	at org.apache.catalina.core.ApplicationFilterChain.internalDoFilter(ApplicationFilterChain.java:193)
	at org.apache.catalina.core.ApplicationFilterChain.doFilter(ApplicationFilterChain.java:138)
	at org.apache.tomcat.websocket.server.WsFilter.doFilter(WsFilter.java:51)
	at org.apache.catalina.core.ApplicationFilterChain.internalDoFilter(ApplicationFilterChain.java:162)
	at org.apache.catalina.core.ApplicationFilterChain.doFilter(ApplicationFilterChain.java:138)
	at org.springframework.web.filter.CorsFilter.doFilterInternal(CorsFilter.java:91)
	at org.springframework.web.filter.OncePerRequestFilter.doFilter(OncePerRequestFilter.java:116)
	at org.apache.catalina.core.ApplicationFilterChain.internalDoFilter(ApplicationFilterChain.java:162)
	at org.apache.catalina.core.ApplicationFilterChain.doFilter(ApplicationFilterChain.java:138)
	at org.springframework.web.filter.RequestContextFilter.doFilterInternal(RequestContextFilter.java:100)
	at org.springframework.web.filter.OncePerRequestFilter.doFilter(OncePerRequestFilter.java:116)
	at org.apache.catalina.core.ApplicationFilterChain.internalDoFilter(ApplicationFilterChain.java:162)
	at org.apache.catalina.core.ApplicationFilterChain.doFilter(ApplicationFilterChain.java:138)
	at org.springframework.web.filter.FormContentFilter.doFilterInternal(FormContentFilter.java:93)
	at org.springframework.web.filter.OncePerRequestFilter.doFilter(OncePerRequestFilter.java:116)
	at org.apache.catalina.core.ApplicationFilterChain.internalDoFilter(ApplicationFilterChain.java:162)
	at org.apache.catalina.core.ApplicationFilterChain.doFilter(ApplicationFilterChain.java:138)
	at org.springframework.web.filter.CharacterEncodingFilter.doFilterInternal(CharacterEncodingFilter.java:201)
	at org.springframework.web.filter.OncePerRequestFilter.doFilter(OncePerRequestFilter.java:116)
	at org.apache.catalina.core.ApplicationFilterChain.internalDoFilter(ApplicationFilterChain.java:162)
	at org.apache.catalina.core.ApplicationFilterChain.doFilter(ApplicationFilterChain.java:138)
	at org.apache.catalina.core.StandardWrapperValve.invoke(StandardWrapperValve.java:165)
	at org.apache.catalina.core.StandardContextValve.invoke(StandardContextValve.java:88)
	at org.apache.catalina.authenticator.AuthenticatorBase.invoke(AuthenticatorBase.java:482)
	at org.apache.catalina.core.StandardHostValve.invoke(StandardHostValve.java:113)
	at org.apache.catalina.valves.ErrorReportValve.invoke(ErrorReportValve.java:83)
	at org.apache.catalina.core.StandardEngineValve.invoke(StandardEngineValve.java:72)
	at org.apache.catalina.connector.CoyoteAdapter.service(CoyoteAdapter.java:342)
	at org.apache.coyote.http11.Http11Processor.service(Http11Processor.java:399)
	at org.apache.coyote.AbstractProcessorLight.process(AbstractProcessorLight.java:63)
	at org.apache.coyote.AbstractProtocol$ConnectionHandler.process(AbstractProtocol.java:903)
	at org.apache.tomcat.util.net.NioEndpoint$SocketProcessor.doRun(NioEndpoint.java:1774)
	at org.apache.tomcat.util.net.SocketProcessorBase.run(SocketProcessorBase.java:52)
	at org.apache.tomcat.util.threads.ThreadPoolExecutor.runWorker(ThreadPoolExecutor.java:973)
	at org.apache.tomcat.util.threads.ThreadPoolExecutor$Worker.run(ThreadPoolExecutor.java:491)
	at org.apache.tomcat.util.threads.TaskThread$WrappingRunnable.run(TaskThread.java:63)
	at java.base/java.lang.Thread.run(Thread.java:840)
16:22:40.130 [http-nio-8080-exec-10] ERROR o.a.c.c.C.[.[.[.[dispatcherServlet] - [log,170] - Servlet.service() for servlet [dispatcherServlet] in context with path [] threw exception [Request processing failed: org.mybatis.spring.MyBatisSystemException: 
### Error updating database.  Cause: org.apache.ibatis.reflection.ReflectionException: There is no getter for property named 'role' in 'class com.fast.system.domain.User'
### The error may exist in file [C:\Users\89328\Desktop\fast\springboot\target\classes\mapper\system\UserMapper.xml]
### The error may involve com.fast.system.mapper.UserMapper.updateUser
### The error occurred while executing an update
### Cause: org.apache.ibatis.reflection.ReflectionException: There is no getter for property named 'role' in 'class com.fast.system.domain.User'] with root cause
org.apache.ibatis.reflection.ReflectionException: There is no getter for property named 'role' in 'class com.fast.system.domain.User'
	at org.apache.ibatis.reflection.Reflector.getGetInvoker(Reflector.java:385)
	at org.apache.ibatis.reflection.MetaClass.getGetInvoker(MetaClass.java:160)
	at org.apache.ibatis.reflection.wrapper.BeanWrapper.getBeanProperty(BeanWrapper.java:156)
	at org.apache.ibatis.reflection.wrapper.BeanWrapper.get(BeanWrapper.java:50)
	at org.apache.ibatis.reflection.MetaObject.getValue(MetaObject.java:115)
	at org.apache.ibatis.scripting.xmltags.DynamicContext$ContextMap.get(DynamicContext.java:102)
	at org.apache.ibatis.scripting.xmltags.DynamicContext$ContextAccessor.getProperty(DynamicContext.java:112)
	at org.apache.ibatis.ognl.OgnlRuntime.getProperty(OgnlRuntime.java:2352)
	at org.apache.ibatis.ognl.ASTProperty.getValueBody(ASTProperty.java:95)
	at org.apache.ibatis.ognl.SimpleNode.evaluateGetValueBody(SimpleNode.java:171)
	at org.apache.ibatis.ognl.SimpleNode.getValue(SimpleNode.java:206)
	at org.apache.ibatis.ognl.ASTNotEq.getValueBody(ASTNotEq.java:34)
	at org.apache.ibatis.ognl.SimpleNode.evaluateGetValueBody(SimpleNode.java:171)
	at org.apache.ibatis.ognl.SimpleNode.getValue(SimpleNode.java:206)
	at org.apache.ibatis.ognl.ASTAnd.getValueBody(ASTAnd.java:45)
	at org.apache.ibatis.ognl.SimpleNode.evaluateGetValueBody(SimpleNode.java:171)
	at org.apache.ibatis.ognl.SimpleNode.getValue(SimpleNode.java:206)
	at org.apache.ibatis.ognl.Ognl.getValue(Ognl.java:408)
	at org.apache.ibatis.ognl.Ognl.getValue(Ognl.java:383)
	at org.apache.ibatis.scripting.xmltags.OgnlCache.getValue(OgnlCache.java:47)
	at org.apache.ibatis.scripting.xmltags.ExpressionEvaluator.evaluateBoolean(ExpressionEvaluator.java:34)
	at org.apache.ibatis.scripting.xmltags.IfSqlNode.apply(IfSqlNode.java:33)
	at org.apache.ibatis.scripting.xmltags.MixedSqlNode.lambda$apply$0(MixedSqlNode.java:32)
	at java.base/java.util.ArrayList.forEach(ArrayList.java:1511)
	at org.apache.ibatis.scripting.xmltags.MixedSqlNode.apply(MixedSqlNode.java:32)
	at org.apache.ibatis.scripting.xmltags.TrimSqlNode.apply(TrimSqlNode.java:58)
	at org.apache.ibatis.scripting.xmltags.MixedSqlNode.lambda$apply$0(MixedSqlNode.java:32)
	at java.base/java.util.ArrayList.forEach(ArrayList.java:1511)
	at org.apache.ibatis.scripting.xmltags.MixedSqlNode.apply(MixedSqlNode.java:32)
	at org.apache.ibatis.scripting.xmltags.DynamicSqlSource.getBoundSql(DynamicSqlSource.java:39)
	at org.apache.ibatis.mapping.MappedStatement.getBoundSql(MappedStatement.java:320)
	at org.apache.ibatis.executor.statement.BaseStatementHandler.<init>(BaseStatementHandler.java:65)
	at org.apache.ibatis.executor.statement.PreparedStatementHandler.<init>(PreparedStatementHandler.java:42)
	at org.apache.ibatis.executor.statement.RoutingStatementHandler.<init>(RoutingStatementHandler.java:47)
	at org.apache.ibatis.session.Configuration.newStatementHandler(Configuration.java:726)
	at org.apache.ibatis.executor.SimpleExecutor.doUpdate(SimpleExecutor.java:48)
	at org.apache.ibatis.executor.BaseExecutor.update(BaseExecutor.java:117)
	at org.apache.ibatis.executor.CachingExecutor.update(CachingExecutor.java:76)
	at java.base/jdk.internal.reflect.NativeMethodAccessorImpl.invoke0(Native Method)
	at java.base/jdk.internal.reflect.NativeMethodAccessorImpl.invoke(NativeMethodAccessorImpl.java:77)
	at java.base/jdk.internal.reflect.DelegatingMethodAccessorImpl.invoke(DelegatingMethodAccessorImpl.java:43)
	at java.base/java.lang.reflect.Method.invoke(Method.java:568)
	at org.apache.ibatis.plugin.Plugin.invoke(Plugin.java:61)
	at jdk.proxy2/jdk.proxy2.$Proxy81.update(Unknown Source)
	at org.apache.ibatis.session.defaults.DefaultSqlSession.update(DefaultSqlSession.java:197)
	at java.base/jdk.internal.reflect.NativeMethodAccessorImpl.invoke0(Native Method)
	at java.base/jdk.internal.reflect.NativeMethodAccessorImpl.invoke(NativeMethodAccessorImpl.java:77)
	at java.base/jdk.internal.reflect.DelegatingMethodAccessorImpl.invoke(DelegatingMethodAccessorImpl.java:43)
	at java.base/java.lang.reflect.Method.invoke(Method.java:568)
	at org.mybatis.spring.SqlSessionTemplate$SqlSessionInterceptor.invoke(SqlSessionTemplate.java:333)
	at jdk.proxy2/jdk.proxy2.$Proxy69.update(Unknown Source)
	at org.mybatis.spring.SqlSessionTemplate.update(SqlSessionTemplate.java:234)
	at org.apache.ibatis.binding.MapperMethod.execute(MapperMethod.java:67)
	at org.apache.ibatis.binding.MapperProxy$PlainMethodInvoker.invoke(MapperProxy.java:141)
	at org.apache.ibatis.binding.MapperProxy.invoke(MapperProxy.java:86)
	at jdk.proxy2/jdk.proxy2.$Proxy72.updateUser(Unknown Source)
	at com.fast.system.service.impl.UserServiceImpl.updateUser(UserServiceImpl.java:36)
	at com.fast.system.controller.UserController.edit(UserController.java:46)
	at java.base/jdk.internal.reflect.NativeMethodAccessorImpl.invoke0(Native Method)
	at java.base/jdk.internal.reflect.NativeMethodAccessorImpl.invoke(NativeMethodAccessorImpl.java:77)
	at java.base/jdk.internal.reflect.DelegatingMethodAccessorImpl.invoke(DelegatingMethodAccessorImpl.java:43)
	at java.base/java.lang.reflect.Method.invoke(Method.java:568)
	at org.springframework.web.method.support.InvocableHandlerMethod.doInvoke(InvocableHandlerMethod.java:258)
	at org.springframework.web.method.support.InvocableHandlerMethod.invokeForRequest(InvocableHandlerMethod.java:191)
	at org.springframework.web.servlet.mvc.method.annotation.ServletInvocableHandlerMethod.invokeAndHandle(ServletInvocableHandlerMethod.java:118)
	at org.springframework.web.servlet.mvc.method.annotation.RequestMappingHandlerAdapter.invokeHandlerMethod(RequestMappingHandlerAdapter.java:991)
	at org.springframework.web.servlet.mvc.method.annotation.RequestMappingHandlerAdapter.handleInternal(RequestMappingHandlerAdapter.java:896)
	at org.springframework.web.servlet.mvc.method.AbstractHandlerMethodAdapter.handle(AbstractHandlerMethodAdapter.java:87)
	at org.springframework.web.servlet.DispatcherServlet.doDispatch(DispatcherServlet.java:1089)
	at org.springframework.web.servlet.DispatcherServlet.doService(DispatcherServlet.java:979)
	at org.springframework.web.servlet.FrameworkServlet.processRequest(FrameworkServlet.java:1014)
	at org.springframework.web.servlet.FrameworkServlet.doPut(FrameworkServlet.java:925)
	at jakarta.servlet.http.HttpServlet.service(HttpServlet.java:593)
	at org.springframework.web.servlet.FrameworkServlet.service(FrameworkServlet.java:885)
	at jakarta.servlet.http.HttpServlet.service(HttpServlet.java:658)
	at org.apache.catalina.core.ApplicationFilterChain.internalDoFilter(ApplicationFilterChain.java:193)
	at org.apache.catalina.core.ApplicationFilterChain.doFilter(ApplicationFilterChain.java:138)
	at org.apache.tomcat.websocket.server.WsFilter.doFilter(WsFilter.java:51)
	at org.apache.catalina.core.ApplicationFilterChain.internalDoFilter(ApplicationFilterChain.java:162)
	at org.apache.catalina.core.ApplicationFilterChain.doFilter(ApplicationFilterChain.java:138)
	at org.springframework.web.filter.CorsFilter.doFilterInternal(CorsFilter.java:91)
	at org.springframework.web.filter.OncePerRequestFilter.doFilter(OncePerRequestFilter.java:116)
	at org.apache.catalina.core.ApplicationFilterChain.internalDoFilter(ApplicationFilterChain.java:162)
	at org.apache.catalina.core.ApplicationFilterChain.doFilter(ApplicationFilterChain.java:138)
	at org.springframework.web.filter.RequestContextFilter.doFilterInternal(RequestContextFilter.java:100)
	at org.springframework.web.filter.OncePerRequestFilter.doFilter(OncePerRequestFilter.java:116)
	at org.apache.catalina.core.ApplicationFilterChain.internalDoFilter(ApplicationFilterChain.java:162)
	at org.apache.catalina.core.ApplicationFilterChain.doFilter(ApplicationFilterChain.java:138)
	at org.springframework.web.filter.FormContentFilter.doFilterInternal(FormContentFilter.java:93)
	at org.springframework.web.filter.OncePerRequestFilter.doFilter(OncePerRequestFilter.java:116)
	at org.apache.catalina.core.ApplicationFilterChain.internalDoFilter(ApplicationFilterChain.java:162)
	at org.apache.catalina.core.ApplicationFilterChain.doFilter(ApplicationFilterChain.java:138)
	at org.springframework.web.filter.CharacterEncodingFilter.doFilterInternal(CharacterEncodingFilter.java:201)
	at org.springframework.web.filter.OncePerRequestFilter.doFilter(OncePerRequestFilter.java:116)
	at org.apache.catalina.core.ApplicationFilterChain.internalDoFilter(ApplicationFilterChain.java:162)
	at org.apache.catalina.core.ApplicationFilterChain.doFilter(ApplicationFilterChain.java:138)
	at org.apache.catalina.core.StandardWrapperValve.invoke(StandardWrapperValve.java:165)
	at org.apache.catalina.core.StandardContextValve.invoke(StandardContextValve.java:88)
	at org.apache.catalina.authenticator.AuthenticatorBase.invoke(AuthenticatorBase.java:482)
	at org.apache.catalina.core.StandardHostValve.invoke(StandardHostValve.java:113)
	at org.apache.catalina.valves.ErrorReportValve.invoke(ErrorReportValve.java:83)
	at org.apache.catalina.core.StandardEngineValve.invoke(StandardEngineValve.java:72)
	at org.apache.catalina.connector.CoyoteAdapter.service(CoyoteAdapter.java:342)
	at org.apache.coyote.http11.Http11Processor.service(Http11Processor.java:399)
	at org.apache.coyote.AbstractProcessorLight.process(AbstractProcessorLight.java:63)
	at org.apache.coyote.AbstractProtocol$ConnectionHandler.process(AbstractProtocol.java:903)
	at org.apache.tomcat.util.net.NioEndpoint$SocketProcessor.doRun(NioEndpoint.java:1774)
	at org.apache.tomcat.util.net.SocketProcessorBase.run(SocketProcessorBase.java:52)
	at org.apache.tomcat.util.threads.ThreadPoolExecutor.runWorker(ThreadPoolExecutor.java:973)
	at org.apache.tomcat.util.threads.ThreadPoolExecutor$Worker.run(ThreadPoolExecutor.java:491)
	at org.apache.tomcat.util.threads.TaskThread$WrappingRunnable.run(TaskThread.java:63)
	at java.base/java.lang.Thread.run(Thread.java:840)
16:22:44.667 [http-nio-8080-exec-2] ERROR o.a.c.c.C.[.[.[.[dispatcherServlet] - [log,170] - Servlet.service() for servlet [dispatcherServlet] in context with path [] threw exception [Request processing failed: org.mybatis.spring.MyBatisSystemException: 
### Error updating database.  Cause: org.apache.ibatis.reflection.ReflectionException: There is no getter for property named 'role' in 'class com.fast.system.domain.User'
### The error may exist in file [C:\Users\89328\Desktop\fast\springboot\target\classes\mapper\system\UserMapper.xml]
### The error may involve com.fast.system.mapper.UserMapper.updateUser
### The error occurred while executing an update
### Cause: org.apache.ibatis.reflection.ReflectionException: There is no getter for property named 'role' in 'class com.fast.system.domain.User'] with root cause
org.apache.ibatis.reflection.ReflectionException: There is no getter for property named 'role' in 'class com.fast.system.domain.User'
	at org.apache.ibatis.reflection.Reflector.getGetInvoker(Reflector.java:385)
	at org.apache.ibatis.reflection.MetaClass.getGetInvoker(MetaClass.java:160)
	at org.apache.ibatis.reflection.wrapper.BeanWrapper.getBeanProperty(BeanWrapper.java:156)
	at org.apache.ibatis.reflection.wrapper.BeanWrapper.get(BeanWrapper.java:50)
	at org.apache.ibatis.reflection.MetaObject.getValue(MetaObject.java:115)
	at org.apache.ibatis.scripting.xmltags.DynamicContext$ContextMap.get(DynamicContext.java:102)
	at org.apache.ibatis.scripting.xmltags.DynamicContext$ContextAccessor.getProperty(DynamicContext.java:112)
	at org.apache.ibatis.ognl.OgnlRuntime.getProperty(OgnlRuntime.java:2352)
	at org.apache.ibatis.ognl.ASTProperty.getValueBody(ASTProperty.java:95)
	at org.apache.ibatis.ognl.SimpleNode.evaluateGetValueBody(SimpleNode.java:171)
	at org.apache.ibatis.ognl.SimpleNode.getValue(SimpleNode.java:206)
	at org.apache.ibatis.ognl.ASTNotEq.getValueBody(ASTNotEq.java:34)
	at org.apache.ibatis.ognl.SimpleNode.evaluateGetValueBody(SimpleNode.java:171)
	at org.apache.ibatis.ognl.SimpleNode.getValue(SimpleNode.java:206)
	at org.apache.ibatis.ognl.ASTAnd.getValueBody(ASTAnd.java:45)
	at org.apache.ibatis.ognl.SimpleNode.evaluateGetValueBody(SimpleNode.java:171)
	at org.apache.ibatis.ognl.SimpleNode.getValue(SimpleNode.java:206)
	at org.apache.ibatis.ognl.Ognl.getValue(Ognl.java:408)
	at org.apache.ibatis.ognl.Ognl.getValue(Ognl.java:383)
	at org.apache.ibatis.scripting.xmltags.OgnlCache.getValue(OgnlCache.java:47)
	at org.apache.ibatis.scripting.xmltags.ExpressionEvaluator.evaluateBoolean(ExpressionEvaluator.java:34)
	at org.apache.ibatis.scripting.xmltags.IfSqlNode.apply(IfSqlNode.java:33)
	at org.apache.ibatis.scripting.xmltags.MixedSqlNode.lambda$apply$0(MixedSqlNode.java:32)
	at java.base/java.util.ArrayList.forEach(ArrayList.java:1511)
	at org.apache.ibatis.scripting.xmltags.MixedSqlNode.apply(MixedSqlNode.java:32)
	at org.apache.ibatis.scripting.xmltags.TrimSqlNode.apply(TrimSqlNode.java:58)
	at org.apache.ibatis.scripting.xmltags.MixedSqlNode.lambda$apply$0(MixedSqlNode.java:32)
	at java.base/java.util.ArrayList.forEach(ArrayList.java:1511)
	at org.apache.ibatis.scripting.xmltags.MixedSqlNode.apply(MixedSqlNode.java:32)
	at org.apache.ibatis.scripting.xmltags.DynamicSqlSource.getBoundSql(DynamicSqlSource.java:39)
	at org.apache.ibatis.mapping.MappedStatement.getBoundSql(MappedStatement.java:320)
	at org.apache.ibatis.executor.statement.BaseStatementHandler.<init>(BaseStatementHandler.java:65)
	at org.apache.ibatis.executor.statement.PreparedStatementHandler.<init>(PreparedStatementHandler.java:42)
	at org.apache.ibatis.executor.statement.RoutingStatementHandler.<init>(RoutingStatementHandler.java:47)
	at org.apache.ibatis.session.Configuration.newStatementHandler(Configuration.java:726)
	at org.apache.ibatis.executor.SimpleExecutor.doUpdate(SimpleExecutor.java:48)
	at org.apache.ibatis.executor.BaseExecutor.update(BaseExecutor.java:117)
	at org.apache.ibatis.executor.CachingExecutor.update(CachingExecutor.java:76)
	at java.base/jdk.internal.reflect.NativeMethodAccessorImpl.invoke0(Native Method)
	at java.base/jdk.internal.reflect.NativeMethodAccessorImpl.invoke(NativeMethodAccessorImpl.java:77)
	at java.base/jdk.internal.reflect.DelegatingMethodAccessorImpl.invoke(DelegatingMethodAccessorImpl.java:43)
	at java.base/java.lang.reflect.Method.invoke(Method.java:568)
	at org.apache.ibatis.plugin.Plugin.invoke(Plugin.java:61)
	at jdk.proxy2/jdk.proxy2.$Proxy81.update(Unknown Source)
	at org.apache.ibatis.session.defaults.DefaultSqlSession.update(DefaultSqlSession.java:197)
	at java.base/jdk.internal.reflect.NativeMethodAccessorImpl.invoke0(Native Method)
	at java.base/jdk.internal.reflect.NativeMethodAccessorImpl.invoke(NativeMethodAccessorImpl.java:77)
	at java.base/jdk.internal.reflect.DelegatingMethodAccessorImpl.invoke(DelegatingMethodAccessorImpl.java:43)
	at java.base/java.lang.reflect.Method.invoke(Method.java:568)
	at org.mybatis.spring.SqlSessionTemplate$SqlSessionInterceptor.invoke(SqlSessionTemplate.java:333)
	at jdk.proxy2/jdk.proxy2.$Proxy69.update(Unknown Source)
	at org.mybatis.spring.SqlSessionTemplate.update(SqlSessionTemplate.java:234)
	at org.apache.ibatis.binding.MapperMethod.execute(MapperMethod.java:67)
	at org.apache.ibatis.binding.MapperProxy$PlainMethodInvoker.invoke(MapperProxy.java:141)
	at org.apache.ibatis.binding.MapperProxy.invoke(MapperProxy.java:86)
	at jdk.proxy2/jdk.proxy2.$Proxy72.updateUser(Unknown Source)
	at com.fast.system.service.impl.UserServiceImpl.updateUser(UserServiceImpl.java:36)
	at com.fast.system.controller.UserController.edit(UserController.java:46)
	at java.base/jdk.internal.reflect.NativeMethodAccessorImpl.invoke0(Native Method)
	at java.base/jdk.internal.reflect.NativeMethodAccessorImpl.invoke(NativeMethodAccessorImpl.java:77)
	at java.base/jdk.internal.reflect.DelegatingMethodAccessorImpl.invoke(DelegatingMethodAccessorImpl.java:43)
	at java.base/java.lang.reflect.Method.invoke(Method.java:568)
	at org.springframework.web.method.support.InvocableHandlerMethod.doInvoke(InvocableHandlerMethod.java:258)
	at org.springframework.web.method.support.InvocableHandlerMethod.invokeForRequest(InvocableHandlerMethod.java:191)
	at org.springframework.web.servlet.mvc.method.annotation.ServletInvocableHandlerMethod.invokeAndHandle(ServletInvocableHandlerMethod.java:118)
	at org.springframework.web.servlet.mvc.method.annotation.RequestMappingHandlerAdapter.invokeHandlerMethod(RequestMappingHandlerAdapter.java:991)
	at org.springframework.web.servlet.mvc.method.annotation.RequestMappingHandlerAdapter.handleInternal(RequestMappingHandlerAdapter.java:896)
	at org.springframework.web.servlet.mvc.method.AbstractHandlerMethodAdapter.handle(AbstractHandlerMethodAdapter.java:87)
	at org.springframework.web.servlet.DispatcherServlet.doDispatch(DispatcherServlet.java:1089)
	at org.springframework.web.servlet.DispatcherServlet.doService(DispatcherServlet.java:979)
	at org.springframework.web.servlet.FrameworkServlet.processRequest(FrameworkServlet.java:1014)
	at org.springframework.web.servlet.FrameworkServlet.doPut(FrameworkServlet.java:925)
	at jakarta.servlet.http.HttpServlet.service(HttpServlet.java:593)
	at org.springframework.web.servlet.FrameworkServlet.service(FrameworkServlet.java:885)
	at jakarta.servlet.http.HttpServlet.service(HttpServlet.java:658)
	at org.apache.catalina.core.ApplicationFilterChain.internalDoFilter(ApplicationFilterChain.java:193)
	at org.apache.catalina.core.ApplicationFilterChain.doFilter(ApplicationFilterChain.java:138)
	at org.apache.tomcat.websocket.server.WsFilter.doFilter(WsFilter.java:51)
	at org.apache.catalina.core.ApplicationFilterChain.internalDoFilter(ApplicationFilterChain.java:162)
	at org.apache.catalina.core.ApplicationFilterChain.doFilter(ApplicationFilterChain.java:138)
	at org.springframework.web.filter.CorsFilter.doFilterInternal(CorsFilter.java:91)
	at org.springframework.web.filter.OncePerRequestFilter.doFilter(OncePerRequestFilter.java:116)
	at org.apache.catalina.core.ApplicationFilterChain.internalDoFilter(ApplicationFilterChain.java:162)
	at org.apache.catalina.core.ApplicationFilterChain.doFilter(ApplicationFilterChain.java:138)
	at org.springframework.web.filter.RequestContextFilter.doFilterInternal(RequestContextFilter.java:100)
	at org.springframework.web.filter.OncePerRequestFilter.doFilter(OncePerRequestFilter.java:116)
	at org.apache.catalina.core.ApplicationFilterChain.internalDoFilter(ApplicationFilterChain.java:162)
	at org.apache.catalina.core.ApplicationFilterChain.doFilter(ApplicationFilterChain.java:138)
	at org.springframework.web.filter.FormContentFilter.doFilterInternal(FormContentFilter.java:93)
	at org.springframework.web.filter.OncePerRequestFilter.doFilter(OncePerRequestFilter.java:116)
	at org.apache.catalina.core.ApplicationFilterChain.internalDoFilter(ApplicationFilterChain.java:162)
	at org.apache.catalina.core.ApplicationFilterChain.doFilter(ApplicationFilterChain.java:138)
	at org.springframework.web.filter.CharacterEncodingFilter.doFilterInternal(CharacterEncodingFilter.java:201)
	at org.springframework.web.filter.OncePerRequestFilter.doFilter(OncePerRequestFilter.java:116)
	at org.apache.catalina.core.ApplicationFilterChain.internalDoFilter(ApplicationFilterChain.java:162)
	at org.apache.catalina.core.ApplicationFilterChain.doFilter(ApplicationFilterChain.java:138)
	at org.apache.catalina.core.StandardWrapperValve.invoke(StandardWrapperValve.java:165)
	at org.apache.catalina.core.StandardContextValve.invoke(StandardContextValve.java:88)
	at org.apache.catalina.authenticator.AuthenticatorBase.invoke(AuthenticatorBase.java:482)
	at org.apache.catalina.core.StandardHostValve.invoke(StandardHostValve.java:113)
	at org.apache.catalina.valves.ErrorReportValve.invoke(ErrorReportValve.java:83)
	at org.apache.catalina.core.StandardEngineValve.invoke(StandardEngineValve.java:72)
	at org.apache.catalina.connector.CoyoteAdapter.service(CoyoteAdapter.java:342)
	at org.apache.coyote.http11.Http11Processor.service(Http11Processor.java:399)
	at org.apache.coyote.AbstractProcessorLight.process(AbstractProcessorLight.java:63)
	at org.apache.coyote.AbstractProtocol$ConnectionHandler.process(AbstractProtocol.java:903)
	at org.apache.tomcat.util.net.NioEndpoint$SocketProcessor.doRun(NioEndpoint.java:1774)
	at org.apache.tomcat.util.net.SocketProcessorBase.run(SocketProcessorBase.java:52)
	at org.apache.tomcat.util.threads.ThreadPoolExecutor.runWorker(ThreadPoolExecutor.java:973)
	at org.apache.tomcat.util.threads.ThreadPoolExecutor$Worker.run(ThreadPoolExecutor.java:491)
	at org.apache.tomcat.util.threads.TaskThread$WrappingRunnable.run(TaskThread.java:63)
	at java.base/java.lang.Thread.run(Thread.java:840)
16:22:44.875 [http-nio-8080-exec-3] ERROR o.a.c.c.C.[.[.[.[dispatcherServlet] - [log,170] - Servlet.service() for servlet [dispatcherServlet] in context with path [] threw exception [Request processing failed: org.mybatis.spring.MyBatisSystemException: 
### Error updating database.  Cause: org.apache.ibatis.reflection.ReflectionException: There is no getter for property named 'role' in 'class com.fast.system.domain.User'
### The error may exist in file [C:\Users\89328\Desktop\fast\springboot\target\classes\mapper\system\UserMapper.xml]
### The error may involve com.fast.system.mapper.UserMapper.updateUser
### The error occurred while executing an update
### Cause: org.apache.ibatis.reflection.ReflectionException: There is no getter for property named 'role' in 'class com.fast.system.domain.User'] with root cause
org.apache.ibatis.reflection.ReflectionException: There is no getter for property named 'role' in 'class com.fast.system.domain.User'
	at org.apache.ibatis.reflection.Reflector.getGetInvoker(Reflector.java:385)
	at org.apache.ibatis.reflection.MetaClass.getGetInvoker(MetaClass.java:160)
	at org.apache.ibatis.reflection.wrapper.BeanWrapper.getBeanProperty(BeanWrapper.java:156)
	at org.apache.ibatis.reflection.wrapper.BeanWrapper.get(BeanWrapper.java:50)
	at org.apache.ibatis.reflection.MetaObject.getValue(MetaObject.java:115)
	at org.apache.ibatis.scripting.xmltags.DynamicContext$ContextMap.get(DynamicContext.java:102)
	at org.apache.ibatis.scripting.xmltags.DynamicContext$ContextAccessor.getProperty(DynamicContext.java:112)
	at org.apache.ibatis.ognl.OgnlRuntime.getProperty(OgnlRuntime.java:2352)
	at org.apache.ibatis.ognl.ASTProperty.getValueBody(ASTProperty.java:95)
	at org.apache.ibatis.ognl.SimpleNode.evaluateGetValueBody(SimpleNode.java:171)
	at org.apache.ibatis.ognl.SimpleNode.getValue(SimpleNode.java:206)
	at org.apache.ibatis.ognl.ASTNotEq.getValueBody(ASTNotEq.java:34)
	at org.apache.ibatis.ognl.SimpleNode.evaluateGetValueBody(SimpleNode.java:171)
	at org.apache.ibatis.ognl.SimpleNode.getValue(SimpleNode.java:206)
	at org.apache.ibatis.ognl.ASTAnd.getValueBody(ASTAnd.java:45)
	at org.apache.ibatis.ognl.SimpleNode.evaluateGetValueBody(SimpleNode.java:171)
	at org.apache.ibatis.ognl.SimpleNode.getValue(SimpleNode.java:206)
	at org.apache.ibatis.ognl.Ognl.getValue(Ognl.java:408)
	at org.apache.ibatis.ognl.Ognl.getValue(Ognl.java:383)
	at org.apache.ibatis.scripting.xmltags.OgnlCache.getValue(OgnlCache.java:47)
	at org.apache.ibatis.scripting.xmltags.ExpressionEvaluator.evaluateBoolean(ExpressionEvaluator.java:34)
	at org.apache.ibatis.scripting.xmltags.IfSqlNode.apply(IfSqlNode.java:33)
	at org.apache.ibatis.scripting.xmltags.MixedSqlNode.lambda$apply$0(MixedSqlNode.java:32)
	at java.base/java.util.ArrayList.forEach(ArrayList.java:1511)
	at org.apache.ibatis.scripting.xmltags.MixedSqlNode.apply(MixedSqlNode.java:32)
	at org.apache.ibatis.scripting.xmltags.TrimSqlNode.apply(TrimSqlNode.java:58)
	at org.apache.ibatis.scripting.xmltags.MixedSqlNode.lambda$apply$0(MixedSqlNode.java:32)
	at java.base/java.util.ArrayList.forEach(ArrayList.java:1511)
	at org.apache.ibatis.scripting.xmltags.MixedSqlNode.apply(MixedSqlNode.java:32)
	at org.apache.ibatis.scripting.xmltags.DynamicSqlSource.getBoundSql(DynamicSqlSource.java:39)
	at org.apache.ibatis.mapping.MappedStatement.getBoundSql(MappedStatement.java:320)
	at org.apache.ibatis.executor.statement.BaseStatementHandler.<init>(BaseStatementHandler.java:65)
	at org.apache.ibatis.executor.statement.PreparedStatementHandler.<init>(PreparedStatementHandler.java:42)
	at org.apache.ibatis.executor.statement.RoutingStatementHandler.<init>(RoutingStatementHandler.java:47)
	at org.apache.ibatis.session.Configuration.newStatementHandler(Configuration.java:726)
	at org.apache.ibatis.executor.SimpleExecutor.doUpdate(SimpleExecutor.java:48)
	at org.apache.ibatis.executor.BaseExecutor.update(BaseExecutor.java:117)
	at org.apache.ibatis.executor.CachingExecutor.update(CachingExecutor.java:76)
	at java.base/jdk.internal.reflect.NativeMethodAccessorImpl.invoke0(Native Method)
	at java.base/jdk.internal.reflect.NativeMethodAccessorImpl.invoke(NativeMethodAccessorImpl.java:77)
	at java.base/jdk.internal.reflect.DelegatingMethodAccessorImpl.invoke(DelegatingMethodAccessorImpl.java:43)
	at java.base/java.lang.reflect.Method.invoke(Method.java:568)
	at org.apache.ibatis.plugin.Plugin.invoke(Plugin.java:61)
	at jdk.proxy2/jdk.proxy2.$Proxy81.update(Unknown Source)
	at org.apache.ibatis.session.defaults.DefaultSqlSession.update(DefaultSqlSession.java:197)
	at java.base/jdk.internal.reflect.NativeMethodAccessorImpl.invoke0(Native Method)
	at java.base/jdk.internal.reflect.NativeMethodAccessorImpl.invoke(NativeMethodAccessorImpl.java:77)
	at java.base/jdk.internal.reflect.DelegatingMethodAccessorImpl.invoke(DelegatingMethodAccessorImpl.java:43)
	at java.base/java.lang.reflect.Method.invoke(Method.java:568)
	at org.mybatis.spring.SqlSessionTemplate$SqlSessionInterceptor.invoke(SqlSessionTemplate.java:333)
	at jdk.proxy2/jdk.proxy2.$Proxy69.update(Unknown Source)
	at org.mybatis.spring.SqlSessionTemplate.update(SqlSessionTemplate.java:234)
	at org.apache.ibatis.binding.MapperMethod.execute(MapperMethod.java:67)
	at org.apache.ibatis.binding.MapperProxy$PlainMethodInvoker.invoke(MapperProxy.java:141)
	at org.apache.ibatis.binding.MapperProxy.invoke(MapperProxy.java:86)
	at jdk.proxy2/jdk.proxy2.$Proxy72.updateUser(Unknown Source)
	at com.fast.system.service.impl.UserServiceImpl.updateUser(UserServiceImpl.java:36)
	at com.fast.system.controller.UserController.edit(UserController.java:46)
	at java.base/jdk.internal.reflect.NativeMethodAccessorImpl.invoke0(Native Method)
	at java.base/jdk.internal.reflect.NativeMethodAccessorImpl.invoke(NativeMethodAccessorImpl.java:77)
	at java.base/jdk.internal.reflect.DelegatingMethodAccessorImpl.invoke(DelegatingMethodAccessorImpl.java:43)
	at java.base/java.lang.reflect.Method.invoke(Method.java:568)
	at org.springframework.web.method.support.InvocableHandlerMethod.doInvoke(InvocableHandlerMethod.java:258)
	at org.springframework.web.method.support.InvocableHandlerMethod.invokeForRequest(InvocableHandlerMethod.java:191)
	at org.springframework.web.servlet.mvc.method.annotation.ServletInvocableHandlerMethod.invokeAndHandle(ServletInvocableHandlerMethod.java:118)
	at org.springframework.web.servlet.mvc.method.annotation.RequestMappingHandlerAdapter.invokeHandlerMethod(RequestMappingHandlerAdapter.java:991)
	at org.springframework.web.servlet.mvc.method.annotation.RequestMappingHandlerAdapter.handleInternal(RequestMappingHandlerAdapter.java:896)
	at org.springframework.web.servlet.mvc.method.AbstractHandlerMethodAdapter.handle(AbstractHandlerMethodAdapter.java:87)
	at org.springframework.web.servlet.DispatcherServlet.doDispatch(DispatcherServlet.java:1089)
	at org.springframework.web.servlet.DispatcherServlet.doService(DispatcherServlet.java:979)
	at org.springframework.web.servlet.FrameworkServlet.processRequest(FrameworkServlet.java:1014)
	at org.springframework.web.servlet.FrameworkServlet.doPut(FrameworkServlet.java:925)
	at jakarta.servlet.http.HttpServlet.service(HttpServlet.java:593)
	at org.springframework.web.servlet.FrameworkServlet.service(FrameworkServlet.java:885)
	at jakarta.servlet.http.HttpServlet.service(HttpServlet.java:658)
	at org.apache.catalina.core.ApplicationFilterChain.internalDoFilter(ApplicationFilterChain.java:193)
	at org.apache.catalina.core.ApplicationFilterChain.doFilter(ApplicationFilterChain.java:138)
	at org.apache.tomcat.websocket.server.WsFilter.doFilter(WsFilter.java:51)
	at org.apache.catalina.core.ApplicationFilterChain.internalDoFilter(ApplicationFilterChain.java:162)
	at org.apache.catalina.core.ApplicationFilterChain.doFilter(ApplicationFilterChain.java:138)
	at org.springframework.web.filter.CorsFilter.doFilterInternal(CorsFilter.java:91)
	at org.springframework.web.filter.OncePerRequestFilter.doFilter(OncePerRequestFilter.java:116)
	at org.apache.catalina.core.ApplicationFilterChain.internalDoFilter(ApplicationFilterChain.java:162)
	at org.apache.catalina.core.ApplicationFilterChain.doFilter(ApplicationFilterChain.java:138)
	at org.springframework.web.filter.RequestContextFilter.doFilterInternal(RequestContextFilter.java:100)
	at org.springframework.web.filter.OncePerRequestFilter.doFilter(OncePerRequestFilter.java:116)
	at org.apache.catalina.core.ApplicationFilterChain.internalDoFilter(ApplicationFilterChain.java:162)
	at org.apache.catalina.core.ApplicationFilterChain.doFilter(ApplicationFilterChain.java:138)
	at org.springframework.web.filter.FormContentFilter.doFilterInternal(FormContentFilter.java:93)
	at org.springframework.web.filter.OncePerRequestFilter.doFilter(OncePerRequestFilter.java:116)
	at org.apache.catalina.core.ApplicationFilterChain.internalDoFilter(ApplicationFilterChain.java:162)
	at org.apache.catalina.core.ApplicationFilterChain.doFilter(ApplicationFilterChain.java:138)
	at org.springframework.web.filter.CharacterEncodingFilter.doFilterInternal(CharacterEncodingFilter.java:201)
	at org.springframework.web.filter.OncePerRequestFilter.doFilter(OncePerRequestFilter.java:116)
	at org.apache.catalina.core.ApplicationFilterChain.internalDoFilter(ApplicationFilterChain.java:162)
	at org.apache.catalina.core.ApplicationFilterChain.doFilter(ApplicationFilterChain.java:138)
	at org.apache.catalina.core.StandardWrapperValve.invoke(StandardWrapperValve.java:165)
	at org.apache.catalina.core.StandardContextValve.invoke(StandardContextValve.java:88)
	at org.apache.catalina.authenticator.AuthenticatorBase.invoke(AuthenticatorBase.java:482)
	at org.apache.catalina.core.StandardHostValve.invoke(StandardHostValve.java:113)
	at org.apache.catalina.valves.ErrorReportValve.invoke(ErrorReportValve.java:83)
	at org.apache.catalina.core.StandardEngineValve.invoke(StandardEngineValve.java:72)
	at org.apache.catalina.connector.CoyoteAdapter.service(CoyoteAdapter.java:342)
	at org.apache.coyote.http11.Http11Processor.service(Http11Processor.java:399)
	at org.apache.coyote.AbstractProcessorLight.process(AbstractProcessorLight.java:63)
	at org.apache.coyote.AbstractProtocol$ConnectionHandler.process(AbstractProtocol.java:903)
	at org.apache.tomcat.util.net.NioEndpoint$SocketProcessor.doRun(NioEndpoint.java:1774)
	at org.apache.tomcat.util.net.SocketProcessorBase.run(SocketProcessorBase.java:52)
	at org.apache.tomcat.util.threads.ThreadPoolExecutor.runWorker(ThreadPoolExecutor.java:973)
	at org.apache.tomcat.util.threads.ThreadPoolExecutor$Worker.run(ThreadPoolExecutor.java:491)
	at org.apache.tomcat.util.threads.TaskThread$WrappingRunnable.run(TaskThread.java:63)
	at java.base/java.lang.Thread.run(Thread.java:840)
16:22:45.257 [http-nio-8080-exec-4] ERROR o.a.c.c.C.[.[.[.[dispatcherServlet] - [log,170] - Servlet.service() for servlet [dispatcherServlet] in context with path [] threw exception [Request processing failed: org.mybatis.spring.MyBatisSystemException: 
### Error updating database.  Cause: org.apache.ibatis.reflection.ReflectionException: There is no getter for property named 'role' in 'class com.fast.system.domain.User'
### The error may exist in file [C:\Users\89328\Desktop\fast\springboot\target\classes\mapper\system\UserMapper.xml]
### The error may involve com.fast.system.mapper.UserMapper.updateUser
### The error occurred while executing an update
### Cause: org.apache.ibatis.reflection.ReflectionException: There is no getter for property named 'role' in 'class com.fast.system.domain.User'] with root cause
org.apache.ibatis.reflection.ReflectionException: There is no getter for property named 'role' in 'class com.fast.system.domain.User'
	at org.apache.ibatis.reflection.Reflector.getGetInvoker(Reflector.java:385)
	at org.apache.ibatis.reflection.MetaClass.getGetInvoker(MetaClass.java:160)
	at org.apache.ibatis.reflection.wrapper.BeanWrapper.getBeanProperty(BeanWrapper.java:156)
	at org.apache.ibatis.reflection.wrapper.BeanWrapper.get(BeanWrapper.java:50)
	at org.apache.ibatis.reflection.MetaObject.getValue(MetaObject.java:115)
	at org.apache.ibatis.scripting.xmltags.DynamicContext$ContextMap.get(DynamicContext.java:102)
	at org.apache.ibatis.scripting.xmltags.DynamicContext$ContextAccessor.getProperty(DynamicContext.java:112)
	at org.apache.ibatis.ognl.OgnlRuntime.getProperty(OgnlRuntime.java:2352)
	at org.apache.ibatis.ognl.ASTProperty.getValueBody(ASTProperty.java:95)
	at org.apache.ibatis.ognl.SimpleNode.evaluateGetValueBody(SimpleNode.java:171)
	at org.apache.ibatis.ognl.SimpleNode.getValue(SimpleNode.java:206)
	at org.apache.ibatis.ognl.ASTNotEq.getValueBody(ASTNotEq.java:34)
	at org.apache.ibatis.ognl.SimpleNode.evaluateGetValueBody(SimpleNode.java:171)
	at org.apache.ibatis.ognl.SimpleNode.getValue(SimpleNode.java:206)
	at org.apache.ibatis.ognl.ASTAnd.getValueBody(ASTAnd.java:45)
	at org.apache.ibatis.ognl.SimpleNode.evaluateGetValueBody(SimpleNode.java:171)
	at org.apache.ibatis.ognl.SimpleNode.getValue(SimpleNode.java:206)
	at org.apache.ibatis.ognl.Ognl.getValue(Ognl.java:408)
	at org.apache.ibatis.ognl.Ognl.getValue(Ognl.java:383)
	at org.apache.ibatis.scripting.xmltags.OgnlCache.getValue(OgnlCache.java:47)
	at org.apache.ibatis.scripting.xmltags.ExpressionEvaluator.evaluateBoolean(ExpressionEvaluator.java:34)
	at org.apache.ibatis.scripting.xmltags.IfSqlNode.apply(IfSqlNode.java:33)
	at org.apache.ibatis.scripting.xmltags.MixedSqlNode.lambda$apply$0(MixedSqlNode.java:32)
	at java.base/java.util.ArrayList.forEach(ArrayList.java:1511)
	at org.apache.ibatis.scripting.xmltags.MixedSqlNode.apply(MixedSqlNode.java:32)
	at org.apache.ibatis.scripting.xmltags.TrimSqlNode.apply(TrimSqlNode.java:58)
	at org.apache.ibatis.scripting.xmltags.MixedSqlNode.lambda$apply$0(MixedSqlNode.java:32)
	at java.base/java.util.ArrayList.forEach(ArrayList.java:1511)
	at org.apache.ibatis.scripting.xmltags.MixedSqlNode.apply(MixedSqlNode.java:32)
	at org.apache.ibatis.scripting.xmltags.DynamicSqlSource.getBoundSql(DynamicSqlSource.java:39)
	at org.apache.ibatis.mapping.MappedStatement.getBoundSql(MappedStatement.java:320)
	at org.apache.ibatis.executor.statement.BaseStatementHandler.<init>(BaseStatementHandler.java:65)
	at org.apache.ibatis.executor.statement.PreparedStatementHandler.<init>(PreparedStatementHandler.java:42)
	at org.apache.ibatis.executor.statement.RoutingStatementHandler.<init>(RoutingStatementHandler.java:47)
	at org.apache.ibatis.session.Configuration.newStatementHandler(Configuration.java:726)
	at org.apache.ibatis.executor.SimpleExecutor.doUpdate(SimpleExecutor.java:48)
	at org.apache.ibatis.executor.BaseExecutor.update(BaseExecutor.java:117)
	at org.apache.ibatis.executor.CachingExecutor.update(CachingExecutor.java:76)
	at java.base/jdk.internal.reflect.NativeMethodAccessorImpl.invoke0(Native Method)
	at java.base/jdk.internal.reflect.NativeMethodAccessorImpl.invoke(NativeMethodAccessorImpl.java:77)
	at java.base/jdk.internal.reflect.DelegatingMethodAccessorImpl.invoke(DelegatingMethodAccessorImpl.java:43)
	at java.base/java.lang.reflect.Method.invoke(Method.java:568)
	at org.apache.ibatis.plugin.Plugin.invoke(Plugin.java:61)
	at jdk.proxy2/jdk.proxy2.$Proxy81.update(Unknown Source)
	at org.apache.ibatis.session.defaults.DefaultSqlSession.update(DefaultSqlSession.java:197)
	at java.base/jdk.internal.reflect.NativeMethodAccessorImpl.invoke0(Native Method)
	at java.base/jdk.internal.reflect.NativeMethodAccessorImpl.invoke(NativeMethodAccessorImpl.java:77)
	at java.base/jdk.internal.reflect.DelegatingMethodAccessorImpl.invoke(DelegatingMethodAccessorImpl.java:43)
	at java.base/java.lang.reflect.Method.invoke(Method.java:568)
	at org.mybatis.spring.SqlSessionTemplate$SqlSessionInterceptor.invoke(SqlSessionTemplate.java:333)
	at jdk.proxy2/jdk.proxy2.$Proxy69.update(Unknown Source)
	at org.mybatis.spring.SqlSessionTemplate.update(SqlSessionTemplate.java:234)
	at org.apache.ibatis.binding.MapperMethod.execute(MapperMethod.java:67)
	at org.apache.ibatis.binding.MapperProxy$PlainMethodInvoker.invoke(MapperProxy.java:141)
	at org.apache.ibatis.binding.MapperProxy.invoke(MapperProxy.java:86)
	at jdk.proxy2/jdk.proxy2.$Proxy72.updateUser(Unknown Source)
	at com.fast.system.service.impl.UserServiceImpl.updateUser(UserServiceImpl.java:36)
	at com.fast.system.controller.UserController.edit(UserController.java:46)
	at java.base/jdk.internal.reflect.NativeMethodAccessorImpl.invoke0(Native Method)
	at java.base/jdk.internal.reflect.NativeMethodAccessorImpl.invoke(NativeMethodAccessorImpl.java:77)
	at java.base/jdk.internal.reflect.DelegatingMethodAccessorImpl.invoke(DelegatingMethodAccessorImpl.java:43)
	at java.base/java.lang.reflect.Method.invoke(Method.java:568)
	at org.springframework.web.method.support.InvocableHandlerMethod.doInvoke(InvocableHandlerMethod.java:258)
	at org.springframework.web.method.support.InvocableHandlerMethod.invokeForRequest(InvocableHandlerMethod.java:191)
	at org.springframework.web.servlet.mvc.method.annotation.ServletInvocableHandlerMethod.invokeAndHandle(ServletInvocableHandlerMethod.java:118)
	at org.springframework.web.servlet.mvc.method.annotation.RequestMappingHandlerAdapter.invokeHandlerMethod(RequestMappingHandlerAdapter.java:991)
	at org.springframework.web.servlet.mvc.method.annotation.RequestMappingHandlerAdapter.handleInternal(RequestMappingHandlerAdapter.java:896)
	at org.springframework.web.servlet.mvc.method.AbstractHandlerMethodAdapter.handle(AbstractHandlerMethodAdapter.java:87)
	at org.springframework.web.servlet.DispatcherServlet.doDispatch(DispatcherServlet.java:1089)
	at org.springframework.web.servlet.DispatcherServlet.doService(DispatcherServlet.java:979)
	at org.springframework.web.servlet.FrameworkServlet.processRequest(FrameworkServlet.java:1014)
	at org.springframework.web.servlet.FrameworkServlet.doPut(FrameworkServlet.java:925)
	at jakarta.servlet.http.HttpServlet.service(HttpServlet.java:593)
	at org.springframework.web.servlet.FrameworkServlet.service(FrameworkServlet.java:885)
	at jakarta.servlet.http.HttpServlet.service(HttpServlet.java:658)
	at org.apache.catalina.core.ApplicationFilterChain.internalDoFilter(ApplicationFilterChain.java:193)
	at org.apache.catalina.core.ApplicationFilterChain.doFilter(ApplicationFilterChain.java:138)
	at org.apache.tomcat.websocket.server.WsFilter.doFilter(WsFilter.java:51)
	at org.apache.catalina.core.ApplicationFilterChain.internalDoFilter(ApplicationFilterChain.java:162)
	at org.apache.catalina.core.ApplicationFilterChain.doFilter(ApplicationFilterChain.java:138)
	at org.springframework.web.filter.CorsFilter.doFilterInternal(CorsFilter.java:91)
	at org.springframework.web.filter.OncePerRequestFilter.doFilter(OncePerRequestFilter.java:116)
	at org.apache.catalina.core.ApplicationFilterChain.internalDoFilter(ApplicationFilterChain.java:162)
	at org.apache.catalina.core.ApplicationFilterChain.doFilter(ApplicationFilterChain.java:138)
	at org.springframework.web.filter.RequestContextFilter.doFilterInternal(RequestContextFilter.java:100)
	at org.springframework.web.filter.OncePerRequestFilter.doFilter(OncePerRequestFilter.java:116)
	at org.apache.catalina.core.ApplicationFilterChain.internalDoFilter(ApplicationFilterChain.java:162)
	at org.apache.catalina.core.ApplicationFilterChain.doFilter(ApplicationFilterChain.java:138)
	at org.springframework.web.filter.FormContentFilter.doFilterInternal(FormContentFilter.java:93)
	at org.springframework.web.filter.OncePerRequestFilter.doFilter(OncePerRequestFilter.java:116)
	at org.apache.catalina.core.ApplicationFilterChain.internalDoFilter(ApplicationFilterChain.java:162)
	at org.apache.catalina.core.ApplicationFilterChain.doFilter(ApplicationFilterChain.java:138)
	at org.springframework.web.filter.CharacterEncodingFilter.doFilterInternal(CharacterEncodingFilter.java:201)
	at org.springframework.web.filter.OncePerRequestFilter.doFilter(OncePerRequestFilter.java:116)
	at org.apache.catalina.core.ApplicationFilterChain.internalDoFilter(ApplicationFilterChain.java:162)
	at org.apache.catalina.core.ApplicationFilterChain.doFilter(ApplicationFilterChain.java:138)
	at org.apache.catalina.core.StandardWrapperValve.invoke(StandardWrapperValve.java:165)
	at org.apache.catalina.core.StandardContextValve.invoke(StandardContextValve.java:88)
	at org.apache.catalina.authenticator.AuthenticatorBase.invoke(AuthenticatorBase.java:482)
	at org.apache.catalina.core.StandardHostValve.invoke(StandardHostValve.java:113)
	at org.apache.catalina.valves.ErrorReportValve.invoke(ErrorReportValve.java:83)
	at org.apache.catalina.core.StandardEngineValve.invoke(StandardEngineValve.java:72)
	at org.apache.catalina.connector.CoyoteAdapter.service(CoyoteAdapter.java:342)
	at org.apache.coyote.http11.Http11Processor.service(Http11Processor.java:399)
	at org.apache.coyote.AbstractProcessorLight.process(AbstractProcessorLight.java:63)
	at org.apache.coyote.AbstractProtocol$ConnectionHandler.process(AbstractProtocol.java:903)
	at org.apache.tomcat.util.net.NioEndpoint$SocketProcessor.doRun(NioEndpoint.java:1774)
	at org.apache.tomcat.util.net.SocketProcessorBase.run(SocketProcessorBase.java:52)
	at org.apache.tomcat.util.threads.ThreadPoolExecutor.runWorker(ThreadPoolExecutor.java:973)
	at org.apache.tomcat.util.threads.ThreadPoolExecutor$Worker.run(ThreadPoolExecutor.java:491)
	at org.apache.tomcat.util.threads.TaskThread$WrappingRunnable.run(TaskThread.java:63)
	at java.base/java.lang.Thread.run(Thread.java:840)
16:22:45.746 [http-nio-8080-exec-5] ERROR o.a.c.c.C.[.[.[.[dispatcherServlet] - [log,170] - Servlet.service() for servlet [dispatcherServlet] in context with path [] threw exception [Request processing failed: org.mybatis.spring.MyBatisSystemException: 
### Error updating database.  Cause: org.apache.ibatis.reflection.ReflectionException: There is no getter for property named 'role' in 'class com.fast.system.domain.User'
### The error may exist in file [C:\Users\89328\Desktop\fast\springboot\target\classes\mapper\system\UserMapper.xml]
### The error may involve com.fast.system.mapper.UserMapper.updateUser
### The error occurred while executing an update
### Cause: org.apache.ibatis.reflection.ReflectionException: There is no getter for property named 'role' in 'class com.fast.system.domain.User'] with root cause
org.apache.ibatis.reflection.ReflectionException: There is no getter for property named 'role' in 'class com.fast.system.domain.User'
	at org.apache.ibatis.reflection.Reflector.getGetInvoker(Reflector.java:385)
	at org.apache.ibatis.reflection.MetaClass.getGetInvoker(MetaClass.java:160)
	at org.apache.ibatis.reflection.wrapper.BeanWrapper.getBeanProperty(BeanWrapper.java:156)
	at org.apache.ibatis.reflection.wrapper.BeanWrapper.get(BeanWrapper.java:50)
	at org.apache.ibatis.reflection.MetaObject.getValue(MetaObject.java:115)
	at org.apache.ibatis.scripting.xmltags.DynamicContext$ContextMap.get(DynamicContext.java:102)
	at org.apache.ibatis.scripting.xmltags.DynamicContext$ContextAccessor.getProperty(DynamicContext.java:112)
	at org.apache.ibatis.ognl.OgnlRuntime.getProperty(OgnlRuntime.java:2352)
	at org.apache.ibatis.ognl.ASTProperty.getValueBody(ASTProperty.java:95)
	at org.apache.ibatis.ognl.SimpleNode.evaluateGetValueBody(SimpleNode.java:171)
	at org.apache.ibatis.ognl.SimpleNode.getValue(SimpleNode.java:206)
	at org.apache.ibatis.ognl.ASTNotEq.getValueBody(ASTNotEq.java:34)
	at org.apache.ibatis.ognl.SimpleNode.evaluateGetValueBody(SimpleNode.java:171)
	at org.apache.ibatis.ognl.SimpleNode.getValue(SimpleNode.java:206)
	at org.apache.ibatis.ognl.ASTAnd.getValueBody(ASTAnd.java:45)
	at org.apache.ibatis.ognl.SimpleNode.evaluateGetValueBody(SimpleNode.java:171)
	at org.apache.ibatis.ognl.SimpleNode.getValue(SimpleNode.java:206)
	at org.apache.ibatis.ognl.Ognl.getValue(Ognl.java:408)
	at org.apache.ibatis.ognl.Ognl.getValue(Ognl.java:383)
	at org.apache.ibatis.scripting.xmltags.OgnlCache.getValue(OgnlCache.java:47)
	at org.apache.ibatis.scripting.xmltags.ExpressionEvaluator.evaluateBoolean(ExpressionEvaluator.java:34)
	at org.apache.ibatis.scripting.xmltags.IfSqlNode.apply(IfSqlNode.java:33)
	at org.apache.ibatis.scripting.xmltags.MixedSqlNode.lambda$apply$0(MixedSqlNode.java:32)
	at java.base/java.util.ArrayList.forEach(ArrayList.java:1511)
	at org.apache.ibatis.scripting.xmltags.MixedSqlNode.apply(MixedSqlNode.java:32)
	at org.apache.ibatis.scripting.xmltags.TrimSqlNode.apply(TrimSqlNode.java:58)
	at org.apache.ibatis.scripting.xmltags.MixedSqlNode.lambda$apply$0(MixedSqlNode.java:32)
	at java.base/java.util.ArrayList.forEach(ArrayList.java:1511)
	at org.apache.ibatis.scripting.xmltags.MixedSqlNode.apply(MixedSqlNode.java:32)
	at org.apache.ibatis.scripting.xmltags.DynamicSqlSource.getBoundSql(DynamicSqlSource.java:39)
	at org.apache.ibatis.mapping.MappedStatement.getBoundSql(MappedStatement.java:320)
	at org.apache.ibatis.executor.statement.BaseStatementHandler.<init>(BaseStatementHandler.java:65)
	at org.apache.ibatis.executor.statement.PreparedStatementHandler.<init>(PreparedStatementHandler.java:42)
	at org.apache.ibatis.executor.statement.RoutingStatementHandler.<init>(RoutingStatementHandler.java:47)
	at org.apache.ibatis.session.Configuration.newStatementHandler(Configuration.java:726)
	at org.apache.ibatis.executor.SimpleExecutor.doUpdate(SimpleExecutor.java:48)
	at org.apache.ibatis.executor.BaseExecutor.update(BaseExecutor.java:117)
	at org.apache.ibatis.executor.CachingExecutor.update(CachingExecutor.java:76)
	at java.base/jdk.internal.reflect.NativeMethodAccessorImpl.invoke0(Native Method)
	at java.base/jdk.internal.reflect.NativeMethodAccessorImpl.invoke(NativeMethodAccessorImpl.java:77)
	at java.base/jdk.internal.reflect.DelegatingMethodAccessorImpl.invoke(DelegatingMethodAccessorImpl.java:43)
	at java.base/java.lang.reflect.Method.invoke(Method.java:568)
	at org.apache.ibatis.plugin.Plugin.invoke(Plugin.java:61)
	at jdk.proxy2/jdk.proxy2.$Proxy81.update(Unknown Source)
	at org.apache.ibatis.session.defaults.DefaultSqlSession.update(DefaultSqlSession.java:197)
	at java.base/jdk.internal.reflect.NativeMethodAccessorImpl.invoke0(Native Method)
	at java.base/jdk.internal.reflect.NativeMethodAccessorImpl.invoke(NativeMethodAccessorImpl.java:77)
	at java.base/jdk.internal.reflect.DelegatingMethodAccessorImpl.invoke(DelegatingMethodAccessorImpl.java:43)
	at java.base/java.lang.reflect.Method.invoke(Method.java:568)
	at org.mybatis.spring.SqlSessionTemplate$SqlSessionInterceptor.invoke(SqlSessionTemplate.java:333)
	at jdk.proxy2/jdk.proxy2.$Proxy69.update(Unknown Source)
	at org.mybatis.spring.SqlSessionTemplate.update(SqlSessionTemplate.java:234)
	at org.apache.ibatis.binding.MapperMethod.execute(MapperMethod.java:67)
	at org.apache.ibatis.binding.MapperProxy$PlainMethodInvoker.invoke(MapperProxy.java:141)
	at org.apache.ibatis.binding.MapperProxy.invoke(MapperProxy.java:86)
	at jdk.proxy2/jdk.proxy2.$Proxy72.updateUser(Unknown Source)
	at com.fast.system.service.impl.UserServiceImpl.updateUser(UserServiceImpl.java:36)
	at com.fast.system.controller.UserController.edit(UserController.java:46)
	at java.base/jdk.internal.reflect.NativeMethodAccessorImpl.invoke0(Native Method)
	at java.base/jdk.internal.reflect.NativeMethodAccessorImpl.invoke(NativeMethodAccessorImpl.java:77)
	at java.base/jdk.internal.reflect.DelegatingMethodAccessorImpl.invoke(DelegatingMethodAccessorImpl.java:43)
	at java.base/java.lang.reflect.Method.invoke(Method.java:568)
	at org.springframework.web.method.support.InvocableHandlerMethod.doInvoke(InvocableHandlerMethod.java:258)
	at org.springframework.web.method.support.InvocableHandlerMethod.invokeForRequest(InvocableHandlerMethod.java:191)
	at org.springframework.web.servlet.mvc.method.annotation.ServletInvocableHandlerMethod.invokeAndHandle(ServletInvocableHandlerMethod.java:118)
	at org.springframework.web.servlet.mvc.method.annotation.RequestMappingHandlerAdapter.invokeHandlerMethod(RequestMappingHandlerAdapter.java:991)
	at org.springframework.web.servlet.mvc.method.annotation.RequestMappingHandlerAdapter.handleInternal(RequestMappingHandlerAdapter.java:896)
	at org.springframework.web.servlet.mvc.method.AbstractHandlerMethodAdapter.handle(AbstractHandlerMethodAdapter.java:87)
	at org.springframework.web.servlet.DispatcherServlet.doDispatch(DispatcherServlet.java:1089)
	at org.springframework.web.servlet.DispatcherServlet.doService(DispatcherServlet.java:979)
	at org.springframework.web.servlet.FrameworkServlet.processRequest(FrameworkServlet.java:1014)
	at org.springframework.web.servlet.FrameworkServlet.doPut(FrameworkServlet.java:925)
	at jakarta.servlet.http.HttpServlet.service(HttpServlet.java:593)
	at org.springframework.web.servlet.FrameworkServlet.service(FrameworkServlet.java:885)
	at jakarta.servlet.http.HttpServlet.service(HttpServlet.java:658)
	at org.apache.catalina.core.ApplicationFilterChain.internalDoFilter(ApplicationFilterChain.java:193)
	at org.apache.catalina.core.ApplicationFilterChain.doFilter(ApplicationFilterChain.java:138)
	at org.apache.tomcat.websocket.server.WsFilter.doFilter(WsFilter.java:51)
	at org.apache.catalina.core.ApplicationFilterChain.internalDoFilter(ApplicationFilterChain.java:162)
	at org.apache.catalina.core.ApplicationFilterChain.doFilter(ApplicationFilterChain.java:138)
	at org.springframework.web.filter.CorsFilter.doFilterInternal(CorsFilter.java:91)
	at org.springframework.web.filter.OncePerRequestFilter.doFilter(OncePerRequestFilter.java:116)
	at org.apache.catalina.core.ApplicationFilterChain.internalDoFilter(ApplicationFilterChain.java:162)
	at org.apache.catalina.core.ApplicationFilterChain.doFilter(ApplicationFilterChain.java:138)
	at org.springframework.web.filter.RequestContextFilter.doFilterInternal(RequestContextFilter.java:100)
	at org.springframework.web.filter.OncePerRequestFilter.doFilter(OncePerRequestFilter.java:116)
	at org.apache.catalina.core.ApplicationFilterChain.internalDoFilter(ApplicationFilterChain.java:162)
	at org.apache.catalina.core.ApplicationFilterChain.doFilter(ApplicationFilterChain.java:138)
	at org.springframework.web.filter.FormContentFilter.doFilterInternal(FormContentFilter.java:93)
	at org.springframework.web.filter.OncePerRequestFilter.doFilter(OncePerRequestFilter.java:116)
	at org.apache.catalina.core.ApplicationFilterChain.internalDoFilter(ApplicationFilterChain.java:162)
	at org.apache.catalina.core.ApplicationFilterChain.doFilter(ApplicationFilterChain.java:138)
	at org.springframework.web.filter.CharacterEncodingFilter.doFilterInternal(CharacterEncodingFilter.java:201)
	at org.springframework.web.filter.OncePerRequestFilter.doFilter(OncePerRequestFilter.java:116)
	at org.apache.catalina.core.ApplicationFilterChain.internalDoFilter(ApplicationFilterChain.java:162)
	at org.apache.catalina.core.ApplicationFilterChain.doFilter(ApplicationFilterChain.java:138)
	at org.apache.catalina.core.StandardWrapperValve.invoke(StandardWrapperValve.java:165)
	at org.apache.catalina.core.StandardContextValve.invoke(StandardContextValve.java:88)
	at org.apache.catalina.authenticator.AuthenticatorBase.invoke(AuthenticatorBase.java:482)
	at org.apache.catalina.core.StandardHostValve.invoke(StandardHostValve.java:113)
	at org.apache.catalina.valves.ErrorReportValve.invoke(ErrorReportValve.java:83)
	at org.apache.catalina.core.StandardEngineValve.invoke(StandardEngineValve.java:72)
	at org.apache.catalina.connector.CoyoteAdapter.service(CoyoteAdapter.java:342)
	at org.apache.coyote.http11.Http11Processor.service(Http11Processor.java:399)
	at org.apache.coyote.AbstractProcessorLight.process(AbstractProcessorLight.java:63)
	at org.apache.coyote.AbstractProtocol$ConnectionHandler.process(AbstractProtocol.java:903)
	at org.apache.tomcat.util.net.NioEndpoint$SocketProcessor.doRun(NioEndpoint.java:1774)
	at org.apache.tomcat.util.net.SocketProcessorBase.run(SocketProcessorBase.java:52)
	at org.apache.tomcat.util.threads.ThreadPoolExecutor.runWorker(ThreadPoolExecutor.java:973)
	at org.apache.tomcat.util.threads.ThreadPoolExecutor$Worker.run(ThreadPoolExecutor.java:491)
	at org.apache.tomcat.util.threads.TaskThread$WrappingRunnable.run(TaskThread.java:63)
	at java.base/java.lang.Thread.run(Thread.java:840)
16:24:06.829 [http-nio-8080-exec-6] ERROR o.a.c.c.C.[.[.[.[dispatcherServlet] - [log,170] - Servlet.service() for servlet [dispatcherServlet] in context with path [] threw exception [Request processing failed: org.mybatis.spring.MyBatisSystemException: 
### Error updating database.  Cause: org.apache.ibatis.reflection.ReflectionException: There is no getter for property named 'role' in 'class com.fast.system.domain.User'
### The error may exist in file [C:\Users\89328\Desktop\fast\springboot\target\classes\mapper\system\UserMapper.xml]
### The error may involve com.fast.system.mapper.UserMapper.updateUser
### The error occurred while executing an update
### Cause: org.apache.ibatis.reflection.ReflectionException: There is no getter for property named 'role' in 'class com.fast.system.domain.User'] with root cause
org.apache.ibatis.reflection.ReflectionException: There is no getter for property named 'role' in 'class com.fast.system.domain.User'
	at org.apache.ibatis.reflection.Reflector.getGetInvoker(Reflector.java:385)
	at org.apache.ibatis.reflection.MetaClass.getGetInvoker(MetaClass.java:160)
	at org.apache.ibatis.reflection.wrapper.BeanWrapper.getBeanProperty(BeanWrapper.java:156)
	at org.apache.ibatis.reflection.wrapper.BeanWrapper.get(BeanWrapper.java:50)
	at org.apache.ibatis.reflection.MetaObject.getValue(MetaObject.java:115)
	at org.apache.ibatis.scripting.xmltags.DynamicContext$ContextMap.get(DynamicContext.java:102)
	at org.apache.ibatis.scripting.xmltags.DynamicContext$ContextAccessor.getProperty(DynamicContext.java:112)
	at org.apache.ibatis.ognl.OgnlRuntime.getProperty(OgnlRuntime.java:2352)
	at org.apache.ibatis.ognl.ASTProperty.getValueBody(ASTProperty.java:95)
	at org.apache.ibatis.ognl.SimpleNode.evaluateGetValueBody(SimpleNode.java:171)
	at org.apache.ibatis.ognl.SimpleNode.getValue(SimpleNode.java:206)
	at org.apache.ibatis.ognl.ASTNotEq.getValueBody(ASTNotEq.java:34)
	at org.apache.ibatis.ognl.SimpleNode.evaluateGetValueBody(SimpleNode.java:171)
	at org.apache.ibatis.ognl.SimpleNode.getValue(SimpleNode.java:206)
	at org.apache.ibatis.ognl.ASTAnd.getValueBody(ASTAnd.java:45)
	at org.apache.ibatis.ognl.SimpleNode.evaluateGetValueBody(SimpleNode.java:171)
	at org.apache.ibatis.ognl.SimpleNode.getValue(SimpleNode.java:206)
	at org.apache.ibatis.ognl.Ognl.getValue(Ognl.java:408)
	at org.apache.ibatis.ognl.Ognl.getValue(Ognl.java:383)
	at org.apache.ibatis.scripting.xmltags.OgnlCache.getValue(OgnlCache.java:47)
	at org.apache.ibatis.scripting.xmltags.ExpressionEvaluator.evaluateBoolean(ExpressionEvaluator.java:34)
	at org.apache.ibatis.scripting.xmltags.IfSqlNode.apply(IfSqlNode.java:33)
	at org.apache.ibatis.scripting.xmltags.MixedSqlNode.lambda$apply$0(MixedSqlNode.java:32)
	at java.base/java.util.ArrayList.forEach(ArrayList.java:1511)
	at org.apache.ibatis.scripting.xmltags.MixedSqlNode.apply(MixedSqlNode.java:32)
	at org.apache.ibatis.scripting.xmltags.TrimSqlNode.apply(TrimSqlNode.java:58)
	at org.apache.ibatis.scripting.xmltags.MixedSqlNode.lambda$apply$0(MixedSqlNode.java:32)
	at java.base/java.util.ArrayList.forEach(ArrayList.java:1511)
	at org.apache.ibatis.scripting.xmltags.MixedSqlNode.apply(MixedSqlNode.java:32)
	at org.apache.ibatis.scripting.xmltags.DynamicSqlSource.getBoundSql(DynamicSqlSource.java:39)
	at org.apache.ibatis.mapping.MappedStatement.getBoundSql(MappedStatement.java:320)
	at org.apache.ibatis.executor.statement.BaseStatementHandler.<init>(BaseStatementHandler.java:65)
	at org.apache.ibatis.executor.statement.PreparedStatementHandler.<init>(PreparedStatementHandler.java:42)
	at org.apache.ibatis.executor.statement.RoutingStatementHandler.<init>(RoutingStatementHandler.java:47)
	at org.apache.ibatis.session.Configuration.newStatementHandler(Configuration.java:726)
	at org.apache.ibatis.executor.SimpleExecutor.doUpdate(SimpleExecutor.java:48)
	at org.apache.ibatis.executor.BaseExecutor.update(BaseExecutor.java:117)
	at org.apache.ibatis.executor.CachingExecutor.update(CachingExecutor.java:76)
	at java.base/jdk.internal.reflect.NativeMethodAccessorImpl.invoke0(Native Method)
	at java.base/jdk.internal.reflect.NativeMethodAccessorImpl.invoke(NativeMethodAccessorImpl.java:77)
	at java.base/jdk.internal.reflect.DelegatingMethodAccessorImpl.invoke(DelegatingMethodAccessorImpl.java:43)
	at java.base/java.lang.reflect.Method.invoke(Method.java:568)
	at org.apache.ibatis.plugin.Plugin.invoke(Plugin.java:61)
	at jdk.proxy2/jdk.proxy2.$Proxy81.update(Unknown Source)
	at org.apache.ibatis.session.defaults.DefaultSqlSession.update(DefaultSqlSession.java:197)
	at java.base/jdk.internal.reflect.NativeMethodAccessorImpl.invoke0(Native Method)
	at java.base/jdk.internal.reflect.NativeMethodAccessorImpl.invoke(NativeMethodAccessorImpl.java:77)
	at java.base/jdk.internal.reflect.DelegatingMethodAccessorImpl.invoke(DelegatingMethodAccessorImpl.java:43)
	at java.base/java.lang.reflect.Method.invoke(Method.java:568)
	at org.mybatis.spring.SqlSessionTemplate$SqlSessionInterceptor.invoke(SqlSessionTemplate.java:333)
	at jdk.proxy2/jdk.proxy2.$Proxy69.update(Unknown Source)
	at org.mybatis.spring.SqlSessionTemplate.update(SqlSessionTemplate.java:234)
	at org.apache.ibatis.binding.MapperMethod.execute(MapperMethod.java:67)
	at org.apache.ibatis.binding.MapperProxy$PlainMethodInvoker.invoke(MapperProxy.java:141)
	at org.apache.ibatis.binding.MapperProxy.invoke(MapperProxy.java:86)
	at jdk.proxy2/jdk.proxy2.$Proxy72.updateUser(Unknown Source)
	at com.fast.system.service.impl.UserServiceImpl.updateUser(UserServiceImpl.java:36)
	at com.fast.system.controller.UserController.edit(UserController.java:46)
	at java.base/jdk.internal.reflect.NativeMethodAccessorImpl.invoke0(Native Method)
	at java.base/jdk.internal.reflect.NativeMethodAccessorImpl.invoke(NativeMethodAccessorImpl.java:77)
	at java.base/jdk.internal.reflect.DelegatingMethodAccessorImpl.invoke(DelegatingMethodAccessorImpl.java:43)
	at java.base/java.lang.reflect.Method.invoke(Method.java:568)
	at org.springframework.web.method.support.InvocableHandlerMethod.doInvoke(InvocableHandlerMethod.java:258)
	at org.springframework.web.method.support.InvocableHandlerMethod.invokeForRequest(InvocableHandlerMethod.java:191)
	at org.springframework.web.servlet.mvc.method.annotation.ServletInvocableHandlerMethod.invokeAndHandle(ServletInvocableHandlerMethod.java:118)
	at org.springframework.web.servlet.mvc.method.annotation.RequestMappingHandlerAdapter.invokeHandlerMethod(RequestMappingHandlerAdapter.java:991)
	at org.springframework.web.servlet.mvc.method.annotation.RequestMappingHandlerAdapter.handleInternal(RequestMappingHandlerAdapter.java:896)
	at org.springframework.web.servlet.mvc.method.AbstractHandlerMethodAdapter.handle(AbstractHandlerMethodAdapter.java:87)
	at org.springframework.web.servlet.DispatcherServlet.doDispatch(DispatcherServlet.java:1089)
	at org.springframework.web.servlet.DispatcherServlet.doService(DispatcherServlet.java:979)
	at org.springframework.web.servlet.FrameworkServlet.processRequest(FrameworkServlet.java:1014)
	at org.springframework.web.servlet.FrameworkServlet.doPut(FrameworkServlet.java:925)
	at jakarta.servlet.http.HttpServlet.service(HttpServlet.java:593)
	at org.springframework.web.servlet.FrameworkServlet.service(FrameworkServlet.java:885)
	at jakarta.servlet.http.HttpServlet.service(HttpServlet.java:658)
	at org.apache.catalina.core.ApplicationFilterChain.internalDoFilter(ApplicationFilterChain.java:193)
	at org.apache.catalina.core.ApplicationFilterChain.doFilter(ApplicationFilterChain.java:138)
	at org.apache.tomcat.websocket.server.WsFilter.doFilter(WsFilter.java:51)
	at org.apache.catalina.core.ApplicationFilterChain.internalDoFilter(ApplicationFilterChain.java:162)
	at org.apache.catalina.core.ApplicationFilterChain.doFilter(ApplicationFilterChain.java:138)
	at org.springframework.web.filter.CorsFilter.doFilterInternal(CorsFilter.java:91)
	at org.springframework.web.filter.OncePerRequestFilter.doFilter(OncePerRequestFilter.java:116)
	at org.apache.catalina.core.ApplicationFilterChain.internalDoFilter(ApplicationFilterChain.java:162)
	at org.apache.catalina.core.ApplicationFilterChain.doFilter(ApplicationFilterChain.java:138)
	at org.springframework.web.filter.RequestContextFilter.doFilterInternal(RequestContextFilter.java:100)
	at org.springframework.web.filter.OncePerRequestFilter.doFilter(OncePerRequestFilter.java:116)
	at org.apache.catalina.core.ApplicationFilterChain.internalDoFilter(ApplicationFilterChain.java:162)
	at org.apache.catalina.core.ApplicationFilterChain.doFilter(ApplicationFilterChain.java:138)
	at org.springframework.web.filter.FormContentFilter.doFilterInternal(FormContentFilter.java:93)
	at org.springframework.web.filter.OncePerRequestFilter.doFilter(OncePerRequestFilter.java:116)
	at org.apache.catalina.core.ApplicationFilterChain.internalDoFilter(ApplicationFilterChain.java:162)
	at org.apache.catalina.core.ApplicationFilterChain.doFilter(ApplicationFilterChain.java:138)
	at org.springframework.web.filter.CharacterEncodingFilter.doFilterInternal(CharacterEncodingFilter.java:201)
	at org.springframework.web.filter.OncePerRequestFilter.doFilter(OncePerRequestFilter.java:116)
	at org.apache.catalina.core.ApplicationFilterChain.internalDoFilter(ApplicationFilterChain.java:162)
	at org.apache.catalina.core.ApplicationFilterChain.doFilter(ApplicationFilterChain.java:138)
	at org.apache.catalina.core.StandardWrapperValve.invoke(StandardWrapperValve.java:165)
	at org.apache.catalina.core.StandardContextValve.invoke(StandardContextValve.java:88)
	at org.apache.catalina.authenticator.AuthenticatorBase.invoke(AuthenticatorBase.java:482)
	at org.apache.catalina.core.StandardHostValve.invoke(StandardHostValve.java:113)
	at org.apache.catalina.valves.ErrorReportValve.invoke(ErrorReportValve.java:83)
	at org.apache.catalina.core.StandardEngineValve.invoke(StandardEngineValve.java:72)
	at org.apache.catalina.connector.CoyoteAdapter.service(CoyoteAdapter.java:342)
	at org.apache.coyote.http11.Http11Processor.service(Http11Processor.java:399)
	at org.apache.coyote.AbstractProcessorLight.process(AbstractProcessorLight.java:63)
	at org.apache.coyote.AbstractProtocol$ConnectionHandler.process(AbstractProtocol.java:903)
	at org.apache.tomcat.util.net.NioEndpoint$SocketProcessor.doRun(NioEndpoint.java:1774)
	at org.apache.tomcat.util.net.SocketProcessorBase.run(SocketProcessorBase.java:52)
	at org.apache.tomcat.util.threads.ThreadPoolExecutor.runWorker(ThreadPoolExecutor.java:973)
	at org.apache.tomcat.util.threads.ThreadPoolExecutor$Worker.run(ThreadPoolExecutor.java:491)
	at org.apache.tomcat.util.threads.TaskThread$WrappingRunnable.run(TaskThread.java:63)
	at java.base/java.lang.Thread.run(Thread.java:840)
16:26:04.291 [http-nio-8080-exec-2] ERROR o.a.c.c.C.[.[.[.[dispatcherServlet] - [log,170] - Servlet.service() for servlet [dispatcherServlet] in context with path [] threw exception [Request processing failed: org.springframework.jdbc.BadSqlGrammarException: 
### Error updating database.  Cause: java.sql.SQLSyntaxErrorException: Unknown column 'role' in 'field list'
### The error may exist in file [C:\Users\89328\Desktop\fast\springboot\target\classes\mapper\system\UserMapper.xml]
### The error may involve com.fast.system.mapper.UserMapper.updateUser-Inline
### The error occurred while setting parameters
### SQL: update user          SET user_name = ?,             sex = ?,                          role = ?          where user_id = ?
### Cause: java.sql.SQLSyntaxErrorException: Unknown column 'role' in 'field list'
; bad SQL grammar []] with root cause
java.sql.SQLSyntaxErrorException: Unknown column 'role' in 'field list'
	at com.mysql.cj.jdbc.exceptions.SQLError.createSQLException(SQLError.java:112)
	at com.mysql.cj.jdbc.exceptions.SQLExceptionsMapping.translateException(SQLExceptionsMapping.java:114)
	at com.mysql.cj.jdbc.ClientPreparedStatement.executeInternal(ClientPreparedStatement.java:988)
	at com.mysql.cj.jdbc.ClientPreparedStatement.execute(ClientPreparedStatement.java:383)
	at com.alibaba.druid.pool.DruidPooledPreparedStatement.execute(DruidPooledPreparedStatement.java:483)
	at org.apache.ibatis.executor.statement.PreparedStatementHandler.update(PreparedStatementHandler.java:48)
	at org.apache.ibatis.executor.statement.RoutingStatementHandler.update(RoutingStatementHandler.java:75)
	at org.apache.ibatis.executor.SimpleExecutor.doUpdate(SimpleExecutor.java:50)
	at org.apache.ibatis.executor.BaseExecutor.update(BaseExecutor.java:117)
	at org.apache.ibatis.executor.CachingExecutor.update(CachingExecutor.java:76)
	at java.base/jdk.internal.reflect.NativeMethodAccessorImpl.invoke0(Native Method)
	at java.base/jdk.internal.reflect.NativeMethodAccessorImpl.invoke(NativeMethodAccessorImpl.java:77)
	at java.base/jdk.internal.reflect.DelegatingMethodAccessorImpl.invoke(DelegatingMethodAccessorImpl.java:43)
	at java.base/java.lang.reflect.Method.invoke(Method.java:568)
	at org.apache.ibatis.plugin.Plugin.invoke(Plugin.java:61)
	at jdk.proxy2/jdk.proxy2.$Proxy81.update(Unknown Source)
	at org.apache.ibatis.session.defaults.DefaultSqlSession.update(DefaultSqlSession.java:197)
	at java.base/jdk.internal.reflect.NativeMethodAccessorImpl.invoke0(Native Method)
	at java.base/jdk.internal.reflect.NativeMethodAccessorImpl.invoke(NativeMethodAccessorImpl.java:77)
	at java.base/jdk.internal.reflect.DelegatingMethodAccessorImpl.invoke(DelegatingMethodAccessorImpl.java:43)
	at java.base/java.lang.reflect.Method.invoke(Method.java:568)
	at org.mybatis.spring.SqlSessionTemplate$SqlSessionInterceptor.invoke(SqlSessionTemplate.java:333)
	at jdk.proxy2/jdk.proxy2.$Proxy69.update(Unknown Source)
	at org.mybatis.spring.SqlSessionTemplate.update(SqlSessionTemplate.java:234)
	at org.apache.ibatis.binding.MapperMethod.execute(MapperMethod.java:67)
	at org.apache.ibatis.binding.MapperProxy$PlainMethodInvoker.invoke(MapperProxy.java:141)
	at org.apache.ibatis.binding.MapperProxy.invoke(MapperProxy.java:86)
	at jdk.proxy2/jdk.proxy2.$Proxy72.updateUser(Unknown Source)
	at com.fast.system.service.impl.UserServiceImpl.updateUser(UserServiceImpl.java:36)
	at com.fast.system.controller.UserController.edit(UserController.java:46)
	at java.base/jdk.internal.reflect.NativeMethodAccessorImpl.invoke0(Native Method)
	at java.base/jdk.internal.reflect.NativeMethodAccessorImpl.invoke(NativeMethodAccessorImpl.java:77)
	at java.base/jdk.internal.reflect.DelegatingMethodAccessorImpl.invoke(DelegatingMethodAccessorImpl.java:43)
	at java.base/java.lang.reflect.Method.invoke(Method.java:568)
	at org.springframework.web.method.support.InvocableHandlerMethod.doInvoke(InvocableHandlerMethod.java:258)
	at org.springframework.web.method.support.InvocableHandlerMethod.invokeForRequest(InvocableHandlerMethod.java:191)
	at org.springframework.web.servlet.mvc.method.annotation.ServletInvocableHandlerMethod.invokeAndHandle(ServletInvocableHandlerMethod.java:118)
	at org.springframework.web.servlet.mvc.method.annotation.RequestMappingHandlerAdapter.invokeHandlerMethod(RequestMappingHandlerAdapter.java:991)
	at org.springframework.web.servlet.mvc.method.annotation.RequestMappingHandlerAdapter.handleInternal(RequestMappingHandlerAdapter.java:896)
	at org.springframework.web.servlet.mvc.method.AbstractHandlerMethodAdapter.handle(AbstractHandlerMethodAdapter.java:87)
	at org.springframework.web.servlet.DispatcherServlet.doDispatch(DispatcherServlet.java:1089)
	at org.springframework.web.servlet.DispatcherServlet.doService(DispatcherServlet.java:979)
	at org.springframework.web.servlet.FrameworkServlet.processRequest(FrameworkServlet.java:1014)
	at org.springframework.web.servlet.FrameworkServlet.doPut(FrameworkServlet.java:925)
	at jakarta.servlet.http.HttpServlet.service(HttpServlet.java:593)
	at org.springframework.web.servlet.FrameworkServlet.service(FrameworkServlet.java:885)
	at jakarta.servlet.http.HttpServlet.service(HttpServlet.java:658)
	at org.apache.catalina.core.ApplicationFilterChain.internalDoFilter(ApplicationFilterChain.java:193)
	at org.apache.catalina.core.ApplicationFilterChain.doFilter(ApplicationFilterChain.java:138)
	at org.apache.tomcat.websocket.server.WsFilter.doFilter(WsFilter.java:51)
	at org.apache.catalina.core.ApplicationFilterChain.internalDoFilter(ApplicationFilterChain.java:162)
	at org.apache.catalina.core.ApplicationFilterChain.doFilter(ApplicationFilterChain.java:138)
	at org.springframework.web.filter.CorsFilter.doFilterInternal(CorsFilter.java:91)
	at org.springframework.web.filter.OncePerRequestFilter.doFilter(OncePerRequestFilter.java:116)
	at org.apache.catalina.core.ApplicationFilterChain.internalDoFilter(ApplicationFilterChain.java:162)
	at org.apache.catalina.core.ApplicationFilterChain.doFilter(ApplicationFilterChain.java:138)
	at org.springframework.web.filter.RequestContextFilter.doFilterInternal(RequestContextFilter.java:100)
	at org.springframework.web.filter.OncePerRequestFilter.doFilter(OncePerRequestFilter.java:116)
	at org.apache.catalina.core.ApplicationFilterChain.internalDoFilter(ApplicationFilterChain.java:162)
	at org.apache.catalina.core.ApplicationFilterChain.doFilter(ApplicationFilterChain.java:138)
	at org.springframework.web.filter.FormContentFilter.doFilterInternal(FormContentFilter.java:93)
	at org.springframework.web.filter.OncePerRequestFilter.doFilter(OncePerRequestFilter.java:116)
	at org.apache.catalina.core.ApplicationFilterChain.internalDoFilter(ApplicationFilterChain.java:162)
	at org.apache.catalina.core.ApplicationFilterChain.doFilter(ApplicationFilterChain.java:138)
	at org.springframework.web.filter.CharacterEncodingFilter.doFilterInternal(CharacterEncodingFilter.java:201)
	at org.springframework.web.filter.OncePerRequestFilter.doFilter(OncePerRequestFilter.java:116)
	at org.apache.catalina.core.ApplicationFilterChain.internalDoFilter(ApplicationFilterChain.java:162)
	at org.apache.catalina.core.ApplicationFilterChain.doFilter(ApplicationFilterChain.java:138)
	at org.apache.catalina.core.StandardWrapperValve.invoke(StandardWrapperValve.java:165)
	at org.apache.catalina.core.StandardContextValve.invoke(StandardContextValve.java:88)
	at org.apache.catalina.authenticator.AuthenticatorBase.invoke(AuthenticatorBase.java:482)
	at org.apache.catalina.core.StandardHostValve.invoke(StandardHostValve.java:113)
	at org.apache.catalina.valves.ErrorReportValve.invoke(ErrorReportValve.java:83)
	at org.apache.catalina.core.StandardEngineValve.invoke(StandardEngineValve.java:72)
	at org.apache.catalina.connector.CoyoteAdapter.service(CoyoteAdapter.java:342)
	at org.apache.coyote.http11.Http11Processor.service(Http11Processor.java:399)
	at org.apache.coyote.AbstractProcessorLight.process(AbstractProcessorLight.java:63)
	at org.apache.coyote.AbstractProtocol$ConnectionHandler.process(AbstractProtocol.java:903)
	at org.apache.tomcat.util.net.NioEndpoint$SocketProcessor.doRun(NioEndpoint.java:1774)
	at org.apache.tomcat.util.net.SocketProcessorBase.run(SocketProcessorBase.java:52)
	at org.apache.tomcat.util.threads.ThreadPoolExecutor.runWorker(ThreadPoolExecutor.java:973)
	at org.apache.tomcat.util.threads.ThreadPoolExecutor$Worker.run(ThreadPoolExecutor.java:491)
	at org.apache.tomcat.util.threads.TaskThread$WrappingRunnable.run(TaskThread.java:63)
	at java.base/java.lang.Thread.run(Thread.java:840)
16:26:05.011 [http-nio-8080-exec-3] ERROR o.a.c.c.C.[.[.[.[dispatcherServlet] - [log,170] - Servlet.service() for servlet [dispatcherServlet] in context with path [] threw exception [Request processing failed: org.springframework.jdbc.BadSqlGrammarException: 
### Error updating database.  Cause: java.sql.SQLSyntaxErrorException: Unknown column 'role' in 'field list'
### The error may exist in file [C:\Users\89328\Desktop\fast\springboot\target\classes\mapper\system\UserMapper.xml]
### The error may involve com.fast.system.mapper.UserMapper.updateUser-Inline
### The error occurred while setting parameters
### SQL: update user          SET user_name = ?,             sex = ?,                          role = ?          where user_id = ?
### Cause: java.sql.SQLSyntaxErrorException: Unknown column 'role' in 'field list'
; bad SQL grammar []] with root cause
java.sql.SQLSyntaxErrorException: Unknown column 'role' in 'field list'
	at com.mysql.cj.jdbc.exceptions.SQLError.createSQLException(SQLError.java:112)
	at com.mysql.cj.jdbc.exceptions.SQLExceptionsMapping.translateException(SQLExceptionsMapping.java:114)
	at com.mysql.cj.jdbc.ClientPreparedStatement.executeInternal(ClientPreparedStatement.java:988)
	at com.mysql.cj.jdbc.ClientPreparedStatement.execute(ClientPreparedStatement.java:383)
	at com.alibaba.druid.pool.DruidPooledPreparedStatement.execute(DruidPooledPreparedStatement.java:483)
	at org.apache.ibatis.executor.statement.PreparedStatementHandler.update(PreparedStatementHandler.java:48)
	at org.apache.ibatis.executor.statement.RoutingStatementHandler.update(RoutingStatementHandler.java:75)
	at org.apache.ibatis.executor.SimpleExecutor.doUpdate(SimpleExecutor.java:50)
	at org.apache.ibatis.executor.BaseExecutor.update(BaseExecutor.java:117)
	at org.apache.ibatis.executor.CachingExecutor.update(CachingExecutor.java:76)
	at java.base/jdk.internal.reflect.NativeMethodAccessorImpl.invoke0(Native Method)
	at java.base/jdk.internal.reflect.NativeMethodAccessorImpl.invoke(NativeMethodAccessorImpl.java:77)
	at java.base/jdk.internal.reflect.DelegatingMethodAccessorImpl.invoke(DelegatingMethodAccessorImpl.java:43)
	at java.base/java.lang.reflect.Method.invoke(Method.java:568)
	at org.apache.ibatis.plugin.Plugin.invoke(Plugin.java:61)
	at jdk.proxy2/jdk.proxy2.$Proxy81.update(Unknown Source)
	at org.apache.ibatis.session.defaults.DefaultSqlSession.update(DefaultSqlSession.java:197)
	at java.base/jdk.internal.reflect.NativeMethodAccessorImpl.invoke0(Native Method)
	at java.base/jdk.internal.reflect.NativeMethodAccessorImpl.invoke(NativeMethodAccessorImpl.java:77)
	at java.base/jdk.internal.reflect.DelegatingMethodAccessorImpl.invoke(DelegatingMethodAccessorImpl.java:43)
	at java.base/java.lang.reflect.Method.invoke(Method.java:568)
	at org.mybatis.spring.SqlSessionTemplate$SqlSessionInterceptor.invoke(SqlSessionTemplate.java:333)
	at jdk.proxy2/jdk.proxy2.$Proxy69.update(Unknown Source)
	at org.mybatis.spring.SqlSessionTemplate.update(SqlSessionTemplate.java:234)
	at org.apache.ibatis.binding.MapperMethod.execute(MapperMethod.java:67)
	at org.apache.ibatis.binding.MapperProxy$PlainMethodInvoker.invoke(MapperProxy.java:141)
	at org.apache.ibatis.binding.MapperProxy.invoke(MapperProxy.java:86)
	at jdk.proxy2/jdk.proxy2.$Proxy72.updateUser(Unknown Source)
	at com.fast.system.service.impl.UserServiceImpl.updateUser(UserServiceImpl.java:36)
	at com.fast.system.controller.UserController.edit(UserController.java:46)
	at java.base/jdk.internal.reflect.NativeMethodAccessorImpl.invoke0(Native Method)
	at java.base/jdk.internal.reflect.NativeMethodAccessorImpl.invoke(NativeMethodAccessorImpl.java:77)
	at java.base/jdk.internal.reflect.DelegatingMethodAccessorImpl.invoke(DelegatingMethodAccessorImpl.java:43)
	at java.base/java.lang.reflect.Method.invoke(Method.java:568)
	at org.springframework.web.method.support.InvocableHandlerMethod.doInvoke(InvocableHandlerMethod.java:258)
	at org.springframework.web.method.support.InvocableHandlerMethod.invokeForRequest(InvocableHandlerMethod.java:191)
	at org.springframework.web.servlet.mvc.method.annotation.ServletInvocableHandlerMethod.invokeAndHandle(ServletInvocableHandlerMethod.java:118)
	at org.springframework.web.servlet.mvc.method.annotation.RequestMappingHandlerAdapter.invokeHandlerMethod(RequestMappingHandlerAdapter.java:991)
	at org.springframework.web.servlet.mvc.method.annotation.RequestMappingHandlerAdapter.handleInternal(RequestMappingHandlerAdapter.java:896)
	at org.springframework.web.servlet.mvc.method.AbstractHandlerMethodAdapter.handle(AbstractHandlerMethodAdapter.java:87)
	at org.springframework.web.servlet.DispatcherServlet.doDispatch(DispatcherServlet.java:1089)
	at org.springframework.web.servlet.DispatcherServlet.doService(DispatcherServlet.java:979)
	at org.springframework.web.servlet.FrameworkServlet.processRequest(FrameworkServlet.java:1014)
	at org.springframework.web.servlet.FrameworkServlet.doPut(FrameworkServlet.java:925)
	at jakarta.servlet.http.HttpServlet.service(HttpServlet.java:593)
	at org.springframework.web.servlet.FrameworkServlet.service(FrameworkServlet.java:885)
	at jakarta.servlet.http.HttpServlet.service(HttpServlet.java:658)
	at org.apache.catalina.core.ApplicationFilterChain.internalDoFilter(ApplicationFilterChain.java:193)
	at org.apache.catalina.core.ApplicationFilterChain.doFilter(ApplicationFilterChain.java:138)
	at org.apache.tomcat.websocket.server.WsFilter.doFilter(WsFilter.java:51)
	at org.apache.catalina.core.ApplicationFilterChain.internalDoFilter(ApplicationFilterChain.java:162)
	at org.apache.catalina.core.ApplicationFilterChain.doFilter(ApplicationFilterChain.java:138)
	at org.springframework.web.filter.CorsFilter.doFilterInternal(CorsFilter.java:91)
	at org.springframework.web.filter.OncePerRequestFilter.doFilter(OncePerRequestFilter.java:116)
	at org.apache.catalina.core.ApplicationFilterChain.internalDoFilter(ApplicationFilterChain.java:162)
	at org.apache.catalina.core.ApplicationFilterChain.doFilter(ApplicationFilterChain.java:138)
	at org.springframework.web.filter.RequestContextFilter.doFilterInternal(RequestContextFilter.java:100)
	at org.springframework.web.filter.OncePerRequestFilter.doFilter(OncePerRequestFilter.java:116)
	at org.apache.catalina.core.ApplicationFilterChain.internalDoFilter(ApplicationFilterChain.java:162)
	at org.apache.catalina.core.ApplicationFilterChain.doFilter(ApplicationFilterChain.java:138)
	at org.springframework.web.filter.FormContentFilter.doFilterInternal(FormContentFilter.java:93)
	at org.springframework.web.filter.OncePerRequestFilter.doFilter(OncePerRequestFilter.java:116)
	at org.apache.catalina.core.ApplicationFilterChain.internalDoFilter(ApplicationFilterChain.java:162)
	at org.apache.catalina.core.ApplicationFilterChain.doFilter(ApplicationFilterChain.java:138)
	at org.springframework.web.filter.CharacterEncodingFilter.doFilterInternal(CharacterEncodingFilter.java:201)
	at org.springframework.web.filter.OncePerRequestFilter.doFilter(OncePerRequestFilter.java:116)
	at org.apache.catalina.core.ApplicationFilterChain.internalDoFilter(ApplicationFilterChain.java:162)
	at org.apache.catalina.core.ApplicationFilterChain.doFilter(ApplicationFilterChain.java:138)
	at org.apache.catalina.core.StandardWrapperValve.invoke(StandardWrapperValve.java:165)
	at org.apache.catalina.core.StandardContextValve.invoke(StandardContextValve.java:88)
	at org.apache.catalina.authenticator.AuthenticatorBase.invoke(AuthenticatorBase.java:482)
	at org.apache.catalina.core.StandardHostValve.invoke(StandardHostValve.java:113)
	at org.apache.catalina.valves.ErrorReportValve.invoke(ErrorReportValve.java:83)
	at org.apache.catalina.core.StandardEngineValve.invoke(StandardEngineValve.java:72)
	at org.apache.catalina.connector.CoyoteAdapter.service(CoyoteAdapter.java:342)
	at org.apache.coyote.http11.Http11Processor.service(Http11Processor.java:399)
	at org.apache.coyote.AbstractProcessorLight.process(AbstractProcessorLight.java:63)
	at org.apache.coyote.AbstractProtocol$ConnectionHandler.process(AbstractProtocol.java:903)
	at org.apache.tomcat.util.net.NioEndpoint$SocketProcessor.doRun(NioEndpoint.java:1774)
	at org.apache.tomcat.util.net.SocketProcessorBase.run(SocketProcessorBase.java:52)
	at org.apache.tomcat.util.threads.ThreadPoolExecutor.runWorker(ThreadPoolExecutor.java:973)
	at org.apache.tomcat.util.threads.ThreadPoolExecutor$Worker.run(ThreadPoolExecutor.java:491)
	at org.apache.tomcat.util.threads.TaskThread$WrappingRunnable.run(TaskThread.java:63)
	at java.base/java.lang.Thread.run(Thread.java:840)
16:26:05.168 [http-nio-8080-exec-4] ERROR o.a.c.c.C.[.[.[.[dispatcherServlet] - [log,170] - Servlet.service() for servlet [dispatcherServlet] in context with path [] threw exception [Request processing failed: org.springframework.jdbc.BadSqlGrammarException: 
### Error updating database.  Cause: java.sql.SQLSyntaxErrorException: Unknown column 'role' in 'field list'
### The error may exist in file [C:\Users\89328\Desktop\fast\springboot\target\classes\mapper\system\UserMapper.xml]
### The error may involve com.fast.system.mapper.UserMapper.updateUser-Inline
### The error occurred while setting parameters
### SQL: update user          SET user_name = ?,             sex = ?,                          role = ?          where user_id = ?
### Cause: java.sql.SQLSyntaxErrorException: Unknown column 'role' in 'field list'
; bad SQL grammar []] with root cause
java.sql.SQLSyntaxErrorException: Unknown column 'role' in 'field list'
	at com.mysql.cj.jdbc.exceptions.SQLError.createSQLException(SQLError.java:112)
	at com.mysql.cj.jdbc.exceptions.SQLExceptionsMapping.translateException(SQLExceptionsMapping.java:114)
	at com.mysql.cj.jdbc.ClientPreparedStatement.executeInternal(ClientPreparedStatement.java:988)
	at com.mysql.cj.jdbc.ClientPreparedStatement.execute(ClientPreparedStatement.java:383)
	at com.alibaba.druid.pool.DruidPooledPreparedStatement.execute(DruidPooledPreparedStatement.java:483)
	at org.apache.ibatis.executor.statement.PreparedStatementHandler.update(PreparedStatementHandler.java:48)
	at org.apache.ibatis.executor.statement.RoutingStatementHandler.update(RoutingStatementHandler.java:75)
	at org.apache.ibatis.executor.SimpleExecutor.doUpdate(SimpleExecutor.java:50)
	at org.apache.ibatis.executor.BaseExecutor.update(BaseExecutor.java:117)
	at org.apache.ibatis.executor.CachingExecutor.update(CachingExecutor.java:76)
	at java.base/jdk.internal.reflect.NativeMethodAccessorImpl.invoke0(Native Method)
	at java.base/jdk.internal.reflect.NativeMethodAccessorImpl.invoke(NativeMethodAccessorImpl.java:77)
	at java.base/jdk.internal.reflect.DelegatingMethodAccessorImpl.invoke(DelegatingMethodAccessorImpl.java:43)
	at java.base/java.lang.reflect.Method.invoke(Method.java:568)
	at org.apache.ibatis.plugin.Plugin.invoke(Plugin.java:61)
	at jdk.proxy2/jdk.proxy2.$Proxy81.update(Unknown Source)
	at org.apache.ibatis.session.defaults.DefaultSqlSession.update(DefaultSqlSession.java:197)
	at java.base/jdk.internal.reflect.NativeMethodAccessorImpl.invoke0(Native Method)
	at java.base/jdk.internal.reflect.NativeMethodAccessorImpl.invoke(NativeMethodAccessorImpl.java:77)
	at java.base/jdk.internal.reflect.DelegatingMethodAccessorImpl.invoke(DelegatingMethodAccessorImpl.java:43)
	at java.base/java.lang.reflect.Method.invoke(Method.java:568)
	at org.mybatis.spring.SqlSessionTemplate$SqlSessionInterceptor.invoke(SqlSessionTemplate.java:333)
	at jdk.proxy2/jdk.proxy2.$Proxy69.update(Unknown Source)
	at org.mybatis.spring.SqlSessionTemplate.update(SqlSessionTemplate.java:234)
	at org.apache.ibatis.binding.MapperMethod.execute(MapperMethod.java:67)
	at org.apache.ibatis.binding.MapperProxy$PlainMethodInvoker.invoke(MapperProxy.java:141)
	at org.apache.ibatis.binding.MapperProxy.invoke(MapperProxy.java:86)
	at jdk.proxy2/jdk.proxy2.$Proxy72.updateUser(Unknown Source)
	at com.fast.system.service.impl.UserServiceImpl.updateUser(UserServiceImpl.java:36)
	at com.fast.system.controller.UserController.edit(UserController.java:46)
	at java.base/jdk.internal.reflect.NativeMethodAccessorImpl.invoke0(Native Method)
	at java.base/jdk.internal.reflect.NativeMethodAccessorImpl.invoke(NativeMethodAccessorImpl.java:77)
	at java.base/jdk.internal.reflect.DelegatingMethodAccessorImpl.invoke(DelegatingMethodAccessorImpl.java:43)
	at java.base/java.lang.reflect.Method.invoke(Method.java:568)
	at org.springframework.web.method.support.InvocableHandlerMethod.doInvoke(InvocableHandlerMethod.java:258)
	at org.springframework.web.method.support.InvocableHandlerMethod.invokeForRequest(InvocableHandlerMethod.java:191)
	at org.springframework.web.servlet.mvc.method.annotation.ServletInvocableHandlerMethod.invokeAndHandle(ServletInvocableHandlerMethod.java:118)
	at org.springframework.web.servlet.mvc.method.annotation.RequestMappingHandlerAdapter.invokeHandlerMethod(RequestMappingHandlerAdapter.java:991)
	at org.springframework.web.servlet.mvc.method.annotation.RequestMappingHandlerAdapter.handleInternal(RequestMappingHandlerAdapter.java:896)
	at org.springframework.web.servlet.mvc.method.AbstractHandlerMethodAdapter.handle(AbstractHandlerMethodAdapter.java:87)
	at org.springframework.web.servlet.DispatcherServlet.doDispatch(DispatcherServlet.java:1089)
	at org.springframework.web.servlet.DispatcherServlet.doService(DispatcherServlet.java:979)
	at org.springframework.web.servlet.FrameworkServlet.processRequest(FrameworkServlet.java:1014)
	at org.springframework.web.servlet.FrameworkServlet.doPut(FrameworkServlet.java:925)
	at jakarta.servlet.http.HttpServlet.service(HttpServlet.java:593)
	at org.springframework.web.servlet.FrameworkServlet.service(FrameworkServlet.java:885)
	at jakarta.servlet.http.HttpServlet.service(HttpServlet.java:658)
	at org.apache.catalina.core.ApplicationFilterChain.internalDoFilter(ApplicationFilterChain.java:193)
	at org.apache.catalina.core.ApplicationFilterChain.doFilter(ApplicationFilterChain.java:138)
	at org.apache.tomcat.websocket.server.WsFilter.doFilter(WsFilter.java:51)
	at org.apache.catalina.core.ApplicationFilterChain.internalDoFilter(ApplicationFilterChain.java:162)
	at org.apache.catalina.core.ApplicationFilterChain.doFilter(ApplicationFilterChain.java:138)
	at org.springframework.web.filter.CorsFilter.doFilterInternal(CorsFilter.java:91)
	at org.springframework.web.filter.OncePerRequestFilter.doFilter(OncePerRequestFilter.java:116)
	at org.apache.catalina.core.ApplicationFilterChain.internalDoFilter(ApplicationFilterChain.java:162)
	at org.apache.catalina.core.ApplicationFilterChain.doFilter(ApplicationFilterChain.java:138)
	at org.springframework.web.filter.RequestContextFilter.doFilterInternal(RequestContextFilter.java:100)
	at org.springframework.web.filter.OncePerRequestFilter.doFilter(OncePerRequestFilter.java:116)
	at org.apache.catalina.core.ApplicationFilterChain.internalDoFilter(ApplicationFilterChain.java:162)
	at org.apache.catalina.core.ApplicationFilterChain.doFilter(ApplicationFilterChain.java:138)
	at org.springframework.web.filter.FormContentFilter.doFilterInternal(FormContentFilter.java:93)
	at org.springframework.web.filter.OncePerRequestFilter.doFilter(OncePerRequestFilter.java:116)
	at org.apache.catalina.core.ApplicationFilterChain.internalDoFilter(ApplicationFilterChain.java:162)
	at org.apache.catalina.core.ApplicationFilterChain.doFilter(ApplicationFilterChain.java:138)
	at org.springframework.web.filter.CharacterEncodingFilter.doFilterInternal(CharacterEncodingFilter.java:201)
	at org.springframework.web.filter.OncePerRequestFilter.doFilter(OncePerRequestFilter.java:116)
	at org.apache.catalina.core.ApplicationFilterChain.internalDoFilter(ApplicationFilterChain.java:162)
	at org.apache.catalina.core.ApplicationFilterChain.doFilter(ApplicationFilterChain.java:138)
	at org.apache.catalina.core.StandardWrapperValve.invoke(StandardWrapperValve.java:165)
	at org.apache.catalina.core.StandardContextValve.invoke(StandardContextValve.java:88)
	at org.apache.catalina.authenticator.AuthenticatorBase.invoke(AuthenticatorBase.java:482)
	at org.apache.catalina.core.StandardHostValve.invoke(StandardHostValve.java:113)
	at org.apache.catalina.valves.ErrorReportValve.invoke(ErrorReportValve.java:83)
	at org.apache.catalina.core.StandardEngineValve.invoke(StandardEngineValve.java:72)
	at org.apache.catalina.connector.CoyoteAdapter.service(CoyoteAdapter.java:342)
	at org.apache.coyote.http11.Http11Processor.service(Http11Processor.java:399)
	at org.apache.coyote.AbstractProcessorLight.process(AbstractProcessorLight.java:63)
	at org.apache.coyote.AbstractProtocol$ConnectionHandler.process(AbstractProtocol.java:903)
	at org.apache.tomcat.util.net.NioEndpoint$SocketProcessor.doRun(NioEndpoint.java:1774)
	at org.apache.tomcat.util.net.SocketProcessorBase.run(SocketProcessorBase.java:52)
	at org.apache.tomcat.util.threads.ThreadPoolExecutor.runWorker(ThreadPoolExecutor.java:973)
	at org.apache.tomcat.util.threads.ThreadPoolExecutor$Worker.run(ThreadPoolExecutor.java:491)
	at org.apache.tomcat.util.threads.TaskThread$WrappingRunnable.run(TaskThread.java:63)
	at java.base/java.lang.Thread.run(Thread.java:840)
16:26:05.436 [http-nio-8080-exec-5] ERROR o.a.c.c.C.[.[.[.[dispatcherServlet] - [log,170] - Servlet.service() for servlet [dispatcherServlet] in context with path [] threw exception [Request processing failed: org.springframework.jdbc.BadSqlGrammarException: 
### Error updating database.  Cause: java.sql.SQLSyntaxErrorException: Unknown column 'role' in 'field list'
### The error may exist in file [C:\Users\89328\Desktop\fast\springboot\target\classes\mapper\system\UserMapper.xml]
### The error may involve com.fast.system.mapper.UserMapper.updateUser-Inline
### The error occurred while setting parameters
### SQL: update user          SET user_name = ?,             sex = ?,                          role = ?          where user_id = ?
### Cause: java.sql.SQLSyntaxErrorException: Unknown column 'role' in 'field list'
; bad SQL grammar []] with root cause
java.sql.SQLSyntaxErrorException: Unknown column 'role' in 'field list'
	at com.mysql.cj.jdbc.exceptions.SQLError.createSQLException(SQLError.java:112)
	at com.mysql.cj.jdbc.exceptions.SQLExceptionsMapping.translateException(SQLExceptionsMapping.java:114)
	at com.mysql.cj.jdbc.ClientPreparedStatement.executeInternal(ClientPreparedStatement.java:988)
	at com.mysql.cj.jdbc.ClientPreparedStatement.execute(ClientPreparedStatement.java:383)
	at com.alibaba.druid.pool.DruidPooledPreparedStatement.execute(DruidPooledPreparedStatement.java:483)
	at org.apache.ibatis.executor.statement.PreparedStatementHandler.update(PreparedStatementHandler.java:48)
	at org.apache.ibatis.executor.statement.RoutingStatementHandler.update(RoutingStatementHandler.java:75)
	at org.apache.ibatis.executor.SimpleExecutor.doUpdate(SimpleExecutor.java:50)
	at org.apache.ibatis.executor.BaseExecutor.update(BaseExecutor.java:117)
	at org.apache.ibatis.executor.CachingExecutor.update(CachingExecutor.java:76)
	at java.base/jdk.internal.reflect.NativeMethodAccessorImpl.invoke0(Native Method)
	at java.base/jdk.internal.reflect.NativeMethodAccessorImpl.invoke(NativeMethodAccessorImpl.java:77)
	at java.base/jdk.internal.reflect.DelegatingMethodAccessorImpl.invoke(DelegatingMethodAccessorImpl.java:43)
	at java.base/java.lang.reflect.Method.invoke(Method.java:568)
	at org.apache.ibatis.plugin.Plugin.invoke(Plugin.java:61)
	at jdk.proxy2/jdk.proxy2.$Proxy81.update(Unknown Source)
	at org.apache.ibatis.session.defaults.DefaultSqlSession.update(DefaultSqlSession.java:197)
	at java.base/jdk.internal.reflect.NativeMethodAccessorImpl.invoke0(Native Method)
	at java.base/jdk.internal.reflect.NativeMethodAccessorImpl.invoke(NativeMethodAccessorImpl.java:77)
	at java.base/jdk.internal.reflect.DelegatingMethodAccessorImpl.invoke(DelegatingMethodAccessorImpl.java:43)
	at java.base/java.lang.reflect.Method.invoke(Method.java:568)
	at org.mybatis.spring.SqlSessionTemplate$SqlSessionInterceptor.invoke(SqlSessionTemplate.java:333)
	at jdk.proxy2/jdk.proxy2.$Proxy69.update(Unknown Source)
	at org.mybatis.spring.SqlSessionTemplate.update(SqlSessionTemplate.java:234)
	at org.apache.ibatis.binding.MapperMethod.execute(MapperMethod.java:67)
	at org.apache.ibatis.binding.MapperProxy$PlainMethodInvoker.invoke(MapperProxy.java:141)
	at org.apache.ibatis.binding.MapperProxy.invoke(MapperProxy.java:86)
	at jdk.proxy2/jdk.proxy2.$Proxy72.updateUser(Unknown Source)
	at com.fast.system.service.impl.UserServiceImpl.updateUser(UserServiceImpl.java:36)
	at com.fast.system.controller.UserController.edit(UserController.java:46)
	at java.base/jdk.internal.reflect.NativeMethodAccessorImpl.invoke0(Native Method)
	at java.base/jdk.internal.reflect.NativeMethodAccessorImpl.invoke(NativeMethodAccessorImpl.java:77)
	at java.base/jdk.internal.reflect.DelegatingMethodAccessorImpl.invoke(DelegatingMethodAccessorImpl.java:43)
	at java.base/java.lang.reflect.Method.invoke(Method.java:568)
	at org.springframework.web.method.support.InvocableHandlerMethod.doInvoke(InvocableHandlerMethod.java:258)
	at org.springframework.web.method.support.InvocableHandlerMethod.invokeForRequest(InvocableHandlerMethod.java:191)
	at org.springframework.web.servlet.mvc.method.annotation.ServletInvocableHandlerMethod.invokeAndHandle(ServletInvocableHandlerMethod.java:118)
	at org.springframework.web.servlet.mvc.method.annotation.RequestMappingHandlerAdapter.invokeHandlerMethod(RequestMappingHandlerAdapter.java:991)
	at org.springframework.web.servlet.mvc.method.annotation.RequestMappingHandlerAdapter.handleInternal(RequestMappingHandlerAdapter.java:896)
	at org.springframework.web.servlet.mvc.method.AbstractHandlerMethodAdapter.handle(AbstractHandlerMethodAdapter.java:87)
	at org.springframework.web.servlet.DispatcherServlet.doDispatch(DispatcherServlet.java:1089)
	at org.springframework.web.servlet.DispatcherServlet.doService(DispatcherServlet.java:979)
	at org.springframework.web.servlet.FrameworkServlet.processRequest(FrameworkServlet.java:1014)
	at org.springframework.web.servlet.FrameworkServlet.doPut(FrameworkServlet.java:925)
	at jakarta.servlet.http.HttpServlet.service(HttpServlet.java:593)
	at org.springframework.web.servlet.FrameworkServlet.service(FrameworkServlet.java:885)
	at jakarta.servlet.http.HttpServlet.service(HttpServlet.java:658)
	at org.apache.catalina.core.ApplicationFilterChain.internalDoFilter(ApplicationFilterChain.java:193)
	at org.apache.catalina.core.ApplicationFilterChain.doFilter(ApplicationFilterChain.java:138)
	at org.apache.tomcat.websocket.server.WsFilter.doFilter(WsFilter.java:51)
	at org.apache.catalina.core.ApplicationFilterChain.internalDoFilter(ApplicationFilterChain.java:162)
	at org.apache.catalina.core.ApplicationFilterChain.doFilter(ApplicationFilterChain.java:138)
	at org.springframework.web.filter.CorsFilter.doFilterInternal(CorsFilter.java:91)
	at org.springframework.web.filter.OncePerRequestFilter.doFilter(OncePerRequestFilter.java:116)
	at org.apache.catalina.core.ApplicationFilterChain.internalDoFilter(ApplicationFilterChain.java:162)
	at org.apache.catalina.core.ApplicationFilterChain.doFilter(ApplicationFilterChain.java:138)
	at org.springframework.web.filter.RequestContextFilter.doFilterInternal(RequestContextFilter.java:100)
	at org.springframework.web.filter.OncePerRequestFilter.doFilter(OncePerRequestFilter.java:116)
	at org.apache.catalina.core.ApplicationFilterChain.internalDoFilter(ApplicationFilterChain.java:162)
	at org.apache.catalina.core.ApplicationFilterChain.doFilter(ApplicationFilterChain.java:138)
	at org.springframework.web.filter.FormContentFilter.doFilterInternal(FormContentFilter.java:93)
	at org.springframework.web.filter.OncePerRequestFilter.doFilter(OncePerRequestFilter.java:116)
	at org.apache.catalina.core.ApplicationFilterChain.internalDoFilter(ApplicationFilterChain.java:162)
	at org.apache.catalina.core.ApplicationFilterChain.doFilter(ApplicationFilterChain.java:138)
	at org.springframework.web.filter.CharacterEncodingFilter.doFilterInternal(CharacterEncodingFilter.java:201)
	at org.springframework.web.filter.OncePerRequestFilter.doFilter(OncePerRequestFilter.java:116)
	at org.apache.catalina.core.ApplicationFilterChain.internalDoFilter(ApplicationFilterChain.java:162)
	at org.apache.catalina.core.ApplicationFilterChain.doFilter(ApplicationFilterChain.java:138)
	at org.apache.catalina.core.StandardWrapperValve.invoke(StandardWrapperValve.java:165)
	at org.apache.catalina.core.StandardContextValve.invoke(StandardContextValve.java:88)
	at org.apache.catalina.authenticator.AuthenticatorBase.invoke(AuthenticatorBase.java:482)
	at org.apache.catalina.core.StandardHostValve.invoke(StandardHostValve.java:113)
	at org.apache.catalina.valves.ErrorReportValve.invoke(ErrorReportValve.java:83)
	at org.apache.catalina.core.StandardEngineValve.invoke(StandardEngineValve.java:72)
	at org.apache.catalina.connector.CoyoteAdapter.service(CoyoteAdapter.java:342)
	at org.apache.coyote.http11.Http11Processor.service(Http11Processor.java:399)
	at org.apache.coyote.AbstractProcessorLight.process(AbstractProcessorLight.java:63)
	at org.apache.coyote.AbstractProtocol$ConnectionHandler.process(AbstractProtocol.java:903)
	at org.apache.tomcat.util.net.NioEndpoint$SocketProcessor.doRun(NioEndpoint.java:1774)
	at org.apache.tomcat.util.net.SocketProcessorBase.run(SocketProcessorBase.java:52)
	at org.apache.tomcat.util.threads.ThreadPoolExecutor.runWorker(ThreadPoolExecutor.java:973)
	at org.apache.tomcat.util.threads.ThreadPoolExecutor$Worker.run(ThreadPoolExecutor.java:491)
	at org.apache.tomcat.util.threads.TaskThread$WrappingRunnable.run(TaskThread.java:63)
	at java.base/java.lang.Thread.run(Thread.java:840)
16:26:05.571 [http-nio-8080-exec-6] ERROR o.a.c.c.C.[.[.[.[dispatcherServlet] - [log,170] - Servlet.service() for servlet [dispatcherServlet] in context with path [] threw exception [Request processing failed: org.springframework.jdbc.BadSqlGrammarException: 
### Error updating database.  Cause: java.sql.SQLSyntaxErrorException: Unknown column 'role' in 'field list'
### The error may exist in file [C:\Users\89328\Desktop\fast\springboot\target\classes\mapper\system\UserMapper.xml]
### The error may involve com.fast.system.mapper.UserMapper.updateUser-Inline
### The error occurred while setting parameters
### SQL: update user          SET user_name = ?,             sex = ?,                          role = ?          where user_id = ?
### Cause: java.sql.SQLSyntaxErrorException: Unknown column 'role' in 'field list'
; bad SQL grammar []] with root cause
java.sql.SQLSyntaxErrorException: Unknown column 'role' in 'field list'
	at com.mysql.cj.jdbc.exceptions.SQLError.createSQLException(SQLError.java:112)
	at com.mysql.cj.jdbc.exceptions.SQLExceptionsMapping.translateException(SQLExceptionsMapping.java:114)
	at com.mysql.cj.jdbc.ClientPreparedStatement.executeInternal(ClientPreparedStatement.java:988)
	at com.mysql.cj.jdbc.ClientPreparedStatement.execute(ClientPreparedStatement.java:383)
	at com.alibaba.druid.pool.DruidPooledPreparedStatement.execute(DruidPooledPreparedStatement.java:483)
	at org.apache.ibatis.executor.statement.PreparedStatementHandler.update(PreparedStatementHandler.java:48)
	at org.apache.ibatis.executor.statement.RoutingStatementHandler.update(RoutingStatementHandler.java:75)
	at org.apache.ibatis.executor.SimpleExecutor.doUpdate(SimpleExecutor.java:50)
	at org.apache.ibatis.executor.BaseExecutor.update(BaseExecutor.java:117)
	at org.apache.ibatis.executor.CachingExecutor.update(CachingExecutor.java:76)
	at java.base/jdk.internal.reflect.NativeMethodAccessorImpl.invoke0(Native Method)
	at java.base/jdk.internal.reflect.NativeMethodAccessorImpl.invoke(NativeMethodAccessorImpl.java:77)
	at java.base/jdk.internal.reflect.DelegatingMethodAccessorImpl.invoke(DelegatingMethodAccessorImpl.java:43)
	at java.base/java.lang.reflect.Method.invoke(Method.java:568)
	at org.apache.ibatis.plugin.Plugin.invoke(Plugin.java:61)
	at jdk.proxy2/jdk.proxy2.$Proxy81.update(Unknown Source)
	at org.apache.ibatis.session.defaults.DefaultSqlSession.update(DefaultSqlSession.java:197)
	at java.base/jdk.internal.reflect.NativeMethodAccessorImpl.invoke0(Native Method)
	at java.base/jdk.internal.reflect.NativeMethodAccessorImpl.invoke(NativeMethodAccessorImpl.java:77)
	at java.base/jdk.internal.reflect.DelegatingMethodAccessorImpl.invoke(DelegatingMethodAccessorImpl.java:43)
	at java.base/java.lang.reflect.Method.invoke(Method.java:568)
	at org.mybatis.spring.SqlSessionTemplate$SqlSessionInterceptor.invoke(SqlSessionTemplate.java:333)
	at jdk.proxy2/jdk.proxy2.$Proxy69.update(Unknown Source)
	at org.mybatis.spring.SqlSessionTemplate.update(SqlSessionTemplate.java:234)
	at org.apache.ibatis.binding.MapperMethod.execute(MapperMethod.java:67)
	at org.apache.ibatis.binding.MapperProxy$PlainMethodInvoker.invoke(MapperProxy.java:141)
	at org.apache.ibatis.binding.MapperProxy.invoke(MapperProxy.java:86)
	at jdk.proxy2/jdk.proxy2.$Proxy72.updateUser(Unknown Source)
	at com.fast.system.service.impl.UserServiceImpl.updateUser(UserServiceImpl.java:36)
	at com.fast.system.controller.UserController.edit(UserController.java:46)
	at java.base/jdk.internal.reflect.NativeMethodAccessorImpl.invoke0(Native Method)
	at java.base/jdk.internal.reflect.NativeMethodAccessorImpl.invoke(NativeMethodAccessorImpl.java:77)
	at java.base/jdk.internal.reflect.DelegatingMethodAccessorImpl.invoke(DelegatingMethodAccessorImpl.java:43)
	at java.base/java.lang.reflect.Method.invoke(Method.java:568)
	at org.springframework.web.method.support.InvocableHandlerMethod.doInvoke(InvocableHandlerMethod.java:258)
	at org.springframework.web.method.support.InvocableHandlerMethod.invokeForRequest(InvocableHandlerMethod.java:191)
	at org.springframework.web.servlet.mvc.method.annotation.ServletInvocableHandlerMethod.invokeAndHandle(ServletInvocableHandlerMethod.java:118)
	at org.springframework.web.servlet.mvc.method.annotation.RequestMappingHandlerAdapter.invokeHandlerMethod(RequestMappingHandlerAdapter.java:991)
	at org.springframework.web.servlet.mvc.method.annotation.RequestMappingHandlerAdapter.handleInternal(RequestMappingHandlerAdapter.java:896)
	at org.springframework.web.servlet.mvc.method.AbstractHandlerMethodAdapter.handle(AbstractHandlerMethodAdapter.java:87)
	at org.springframework.web.servlet.DispatcherServlet.doDispatch(DispatcherServlet.java:1089)
	at org.springframework.web.servlet.DispatcherServlet.doService(DispatcherServlet.java:979)
	at org.springframework.web.servlet.FrameworkServlet.processRequest(FrameworkServlet.java:1014)
	at org.springframework.web.servlet.FrameworkServlet.doPut(FrameworkServlet.java:925)
	at jakarta.servlet.http.HttpServlet.service(HttpServlet.java:593)
	at org.springframework.web.servlet.FrameworkServlet.service(FrameworkServlet.java:885)
	at jakarta.servlet.http.HttpServlet.service(HttpServlet.java:658)
	at org.apache.catalina.core.ApplicationFilterChain.internalDoFilter(ApplicationFilterChain.java:193)
	at org.apache.catalina.core.ApplicationFilterChain.doFilter(ApplicationFilterChain.java:138)
	at org.apache.tomcat.websocket.server.WsFilter.doFilter(WsFilter.java:51)
	at org.apache.catalina.core.ApplicationFilterChain.internalDoFilter(ApplicationFilterChain.java:162)
	at org.apache.catalina.core.ApplicationFilterChain.doFilter(ApplicationFilterChain.java:138)
	at org.springframework.web.filter.CorsFilter.doFilterInternal(CorsFilter.java:91)
	at org.springframework.web.filter.OncePerRequestFilter.doFilter(OncePerRequestFilter.java:116)
	at org.apache.catalina.core.ApplicationFilterChain.internalDoFilter(ApplicationFilterChain.java:162)
	at org.apache.catalina.core.ApplicationFilterChain.doFilter(ApplicationFilterChain.java:138)
	at org.springframework.web.filter.RequestContextFilter.doFilterInternal(RequestContextFilter.java:100)
	at org.springframework.web.filter.OncePerRequestFilter.doFilter(OncePerRequestFilter.java:116)
	at org.apache.catalina.core.ApplicationFilterChain.internalDoFilter(ApplicationFilterChain.java:162)
	at org.apache.catalina.core.ApplicationFilterChain.doFilter(ApplicationFilterChain.java:138)
	at org.springframework.web.filter.FormContentFilter.doFilterInternal(FormContentFilter.java:93)
	at org.springframework.web.filter.OncePerRequestFilter.doFilter(OncePerRequestFilter.java:116)
	at org.apache.catalina.core.ApplicationFilterChain.internalDoFilter(ApplicationFilterChain.java:162)
	at org.apache.catalina.core.ApplicationFilterChain.doFilter(ApplicationFilterChain.java:138)
	at org.springframework.web.filter.CharacterEncodingFilter.doFilterInternal(CharacterEncodingFilter.java:201)
	at org.springframework.web.filter.OncePerRequestFilter.doFilter(OncePerRequestFilter.java:116)
	at org.apache.catalina.core.ApplicationFilterChain.internalDoFilter(ApplicationFilterChain.java:162)
	at org.apache.catalina.core.ApplicationFilterChain.doFilter(ApplicationFilterChain.java:138)
	at org.apache.catalina.core.StandardWrapperValve.invoke(StandardWrapperValve.java:165)
	at org.apache.catalina.core.StandardContextValve.invoke(StandardContextValve.java:88)
	at org.apache.catalina.authenticator.AuthenticatorBase.invoke(AuthenticatorBase.java:482)
	at org.apache.catalina.core.StandardHostValve.invoke(StandardHostValve.java:113)
	at org.apache.catalina.valves.ErrorReportValve.invoke(ErrorReportValve.java:83)
	at org.apache.catalina.core.StandardEngineValve.invoke(StandardEngineValve.java:72)
	at org.apache.catalina.connector.CoyoteAdapter.service(CoyoteAdapter.java:342)
	at org.apache.coyote.http11.Http11Processor.service(Http11Processor.java:399)
	at org.apache.coyote.AbstractProcessorLight.process(AbstractProcessorLight.java:63)
	at org.apache.coyote.AbstractProtocol$ConnectionHandler.process(AbstractProtocol.java:903)
	at org.apache.tomcat.util.net.NioEndpoint$SocketProcessor.doRun(NioEndpoint.java:1774)
	at org.apache.tomcat.util.net.SocketProcessorBase.run(SocketProcessorBase.java:52)
	at org.apache.tomcat.util.threads.ThreadPoolExecutor.runWorker(ThreadPoolExecutor.java:973)
	at org.apache.tomcat.util.threads.ThreadPoolExecutor$Worker.run(ThreadPoolExecutor.java:491)
	at org.apache.tomcat.util.threads.TaskThread$WrappingRunnable.run(TaskThread.java:63)
	at java.base/java.lang.Thread.run(Thread.java:840)
16:26:05.737 [http-nio-8080-exec-7] ERROR o.a.c.c.C.[.[.[.[dispatcherServlet] - [log,170] - Servlet.service() for servlet [dispatcherServlet] in context with path [] threw exception [Request processing failed: org.springframework.jdbc.BadSqlGrammarException: 
### Error updating database.  Cause: java.sql.SQLSyntaxErrorException: Unknown column 'role' in 'field list'
### The error may exist in file [C:\Users\89328\Desktop\fast\springboot\target\classes\mapper\system\UserMapper.xml]
### The error may involve com.fast.system.mapper.UserMapper.updateUser-Inline
### The error occurred while setting parameters
### SQL: update user          SET user_name = ?,             sex = ?,                          role = ?          where user_id = ?
### Cause: java.sql.SQLSyntaxErrorException: Unknown column 'role' in 'field list'
; bad SQL grammar []] with root cause
java.sql.SQLSyntaxErrorException: Unknown column 'role' in 'field list'
	at com.mysql.cj.jdbc.exceptions.SQLError.createSQLException(SQLError.java:112)
	at com.mysql.cj.jdbc.exceptions.SQLExceptionsMapping.translateException(SQLExceptionsMapping.java:114)
	at com.mysql.cj.jdbc.ClientPreparedStatement.executeInternal(ClientPreparedStatement.java:988)
	at com.mysql.cj.jdbc.ClientPreparedStatement.execute(ClientPreparedStatement.java:383)
	at com.alibaba.druid.pool.DruidPooledPreparedStatement.execute(DruidPooledPreparedStatement.java:483)
	at org.apache.ibatis.executor.statement.PreparedStatementHandler.update(PreparedStatementHandler.java:48)
	at org.apache.ibatis.executor.statement.RoutingStatementHandler.update(RoutingStatementHandler.java:75)
	at org.apache.ibatis.executor.SimpleExecutor.doUpdate(SimpleExecutor.java:50)
	at org.apache.ibatis.executor.BaseExecutor.update(BaseExecutor.java:117)
	at org.apache.ibatis.executor.CachingExecutor.update(CachingExecutor.java:76)
	at java.base/jdk.internal.reflect.NativeMethodAccessorImpl.invoke0(Native Method)
	at java.base/jdk.internal.reflect.NativeMethodAccessorImpl.invoke(NativeMethodAccessorImpl.java:77)
	at java.base/jdk.internal.reflect.DelegatingMethodAccessorImpl.invoke(DelegatingMethodAccessorImpl.java:43)
	at java.base/java.lang.reflect.Method.invoke(Method.java:568)
	at org.apache.ibatis.plugin.Plugin.invoke(Plugin.java:61)
	at jdk.proxy2/jdk.proxy2.$Proxy81.update(Unknown Source)
	at org.apache.ibatis.session.defaults.DefaultSqlSession.update(DefaultSqlSession.java:197)
	at java.base/jdk.internal.reflect.NativeMethodAccessorImpl.invoke0(Native Method)
	at java.base/jdk.internal.reflect.NativeMethodAccessorImpl.invoke(NativeMethodAccessorImpl.java:77)
	at java.base/jdk.internal.reflect.DelegatingMethodAccessorImpl.invoke(DelegatingMethodAccessorImpl.java:43)
	at java.base/java.lang.reflect.Method.invoke(Method.java:568)
	at org.mybatis.spring.SqlSessionTemplate$SqlSessionInterceptor.invoke(SqlSessionTemplate.java:333)
	at jdk.proxy2/jdk.proxy2.$Proxy69.update(Unknown Source)
	at org.mybatis.spring.SqlSessionTemplate.update(SqlSessionTemplate.java:234)
	at org.apache.ibatis.binding.MapperMethod.execute(MapperMethod.java:67)
	at org.apache.ibatis.binding.MapperProxy$PlainMethodInvoker.invoke(MapperProxy.java:141)
	at org.apache.ibatis.binding.MapperProxy.invoke(MapperProxy.java:86)
	at jdk.proxy2/jdk.proxy2.$Proxy72.updateUser(Unknown Source)
	at com.fast.system.service.impl.UserServiceImpl.updateUser(UserServiceImpl.java:36)
	at com.fast.system.controller.UserController.edit(UserController.java:46)
	at java.base/jdk.internal.reflect.NativeMethodAccessorImpl.invoke0(Native Method)
	at java.base/jdk.internal.reflect.NativeMethodAccessorImpl.invoke(NativeMethodAccessorImpl.java:77)
	at java.base/jdk.internal.reflect.DelegatingMethodAccessorImpl.invoke(DelegatingMethodAccessorImpl.java:43)
	at java.base/java.lang.reflect.Method.invoke(Method.java:568)
	at org.springframework.web.method.support.InvocableHandlerMethod.doInvoke(InvocableHandlerMethod.java:258)
	at org.springframework.web.method.support.InvocableHandlerMethod.invokeForRequest(InvocableHandlerMethod.java:191)
	at org.springframework.web.servlet.mvc.method.annotation.ServletInvocableHandlerMethod.invokeAndHandle(ServletInvocableHandlerMethod.java:118)
	at org.springframework.web.servlet.mvc.method.annotation.RequestMappingHandlerAdapter.invokeHandlerMethod(RequestMappingHandlerAdapter.java:991)
	at org.springframework.web.servlet.mvc.method.annotation.RequestMappingHandlerAdapter.handleInternal(RequestMappingHandlerAdapter.java:896)
	at org.springframework.web.servlet.mvc.method.AbstractHandlerMethodAdapter.handle(AbstractHandlerMethodAdapter.java:87)
	at org.springframework.web.servlet.DispatcherServlet.doDispatch(DispatcherServlet.java:1089)
	at org.springframework.web.servlet.DispatcherServlet.doService(DispatcherServlet.java:979)
	at org.springframework.web.servlet.FrameworkServlet.processRequest(FrameworkServlet.java:1014)
	at org.springframework.web.servlet.FrameworkServlet.doPut(FrameworkServlet.java:925)
	at jakarta.servlet.http.HttpServlet.service(HttpServlet.java:593)
	at org.springframework.web.servlet.FrameworkServlet.service(FrameworkServlet.java:885)
	at jakarta.servlet.http.HttpServlet.service(HttpServlet.java:658)
	at org.apache.catalina.core.ApplicationFilterChain.internalDoFilter(ApplicationFilterChain.java:193)
	at org.apache.catalina.core.ApplicationFilterChain.doFilter(ApplicationFilterChain.java:138)
	at org.apache.tomcat.websocket.server.WsFilter.doFilter(WsFilter.java:51)
	at org.apache.catalina.core.ApplicationFilterChain.internalDoFilter(ApplicationFilterChain.java:162)
	at org.apache.catalina.core.ApplicationFilterChain.doFilter(ApplicationFilterChain.java:138)
	at org.springframework.web.filter.CorsFilter.doFilterInternal(CorsFilter.java:91)
	at org.springframework.web.filter.OncePerRequestFilter.doFilter(OncePerRequestFilter.java:116)
	at org.apache.catalina.core.ApplicationFilterChain.internalDoFilter(ApplicationFilterChain.java:162)
	at org.apache.catalina.core.ApplicationFilterChain.doFilter(ApplicationFilterChain.java:138)
	at org.springframework.web.filter.RequestContextFilter.doFilterInternal(RequestContextFilter.java:100)
	at org.springframework.web.filter.OncePerRequestFilter.doFilter(OncePerRequestFilter.java:116)
	at org.apache.catalina.core.ApplicationFilterChain.internalDoFilter(ApplicationFilterChain.java:162)
	at org.apache.catalina.core.ApplicationFilterChain.doFilter(ApplicationFilterChain.java:138)
	at org.springframework.web.filter.FormContentFilter.doFilterInternal(FormContentFilter.java:93)
	at org.springframework.web.filter.OncePerRequestFilter.doFilter(OncePerRequestFilter.java:116)
	at org.apache.catalina.core.ApplicationFilterChain.internalDoFilter(ApplicationFilterChain.java:162)
	at org.apache.catalina.core.ApplicationFilterChain.doFilter(ApplicationFilterChain.java:138)
	at org.springframework.web.filter.CharacterEncodingFilter.doFilterInternal(CharacterEncodingFilter.java:201)
	at org.springframework.web.filter.OncePerRequestFilter.doFilter(OncePerRequestFilter.java:116)
	at org.apache.catalina.core.ApplicationFilterChain.internalDoFilter(ApplicationFilterChain.java:162)
	at org.apache.catalina.core.ApplicationFilterChain.doFilter(ApplicationFilterChain.java:138)
	at org.apache.catalina.core.StandardWrapperValve.invoke(StandardWrapperValve.java:165)
	at org.apache.catalina.core.StandardContextValve.invoke(StandardContextValve.java:88)
	at org.apache.catalina.authenticator.AuthenticatorBase.invoke(AuthenticatorBase.java:482)
	at org.apache.catalina.core.StandardHostValve.invoke(StandardHostValve.java:113)
	at org.apache.catalina.valves.ErrorReportValve.invoke(ErrorReportValve.java:83)
	at org.apache.catalina.core.StandardEngineValve.invoke(StandardEngineValve.java:72)
	at org.apache.catalina.connector.CoyoteAdapter.service(CoyoteAdapter.java:342)
	at org.apache.coyote.http11.Http11Processor.service(Http11Processor.java:399)
	at org.apache.coyote.AbstractProcessorLight.process(AbstractProcessorLight.java:63)
	at org.apache.coyote.AbstractProtocol$ConnectionHandler.process(AbstractProtocol.java:903)
	at org.apache.tomcat.util.net.NioEndpoint$SocketProcessor.doRun(NioEndpoint.java:1774)
	at org.apache.tomcat.util.net.SocketProcessorBase.run(SocketProcessorBase.java:52)
	at org.apache.tomcat.util.threads.ThreadPoolExecutor.runWorker(ThreadPoolExecutor.java:973)
	at org.apache.tomcat.util.threads.ThreadPoolExecutor$Worker.run(ThreadPoolExecutor.java:491)
	at org.apache.tomcat.util.threads.TaskThread$WrappingRunnable.run(TaskThread.java:63)
	at java.base/java.lang.Thread.run(Thread.java:840)
